index,inputs,predictions,anomaly
0,21.2,21.2,0.0138889
1,16.4,4.8,1
2,4.7,4.9,0
3,4.7,4.9,0
4,4.6,4.8,0
5,23.5,22.4,0
6,47.5,41.6,0
7,45.4,41.3,0
8,46.1,40.9,0
9,41.5,44.7,0
10,43.4,47.1,0
11,43.8,42.8,0
12,37.8,47.9,0
13,36.6,37.2,0
14,35.7,38.1,0
15,38.9,38.2,0
16,36.2,38.7,0
17,36.6,40.2,0
18,37.2,43.7,0
19,38.2,39,0
20,14.1,5.4,0
21,5.1,5.1,0
22,5.0,5.2,0
23,5.9,4.8,0
24,22.5,22.5,0
25,22.3,5,0
26,6.0,4.9,0
27,4.7,5,0
28,4.4,4.8,0
29,4.8,4.8,0.0416667
30,23.4,5,0
31,42.4,40.6,0
32,52.0,52.9,0
33,50.8,52.4,0
34,45.3,43.9,0
35,43.6,40.8,0
36,40.7,40.7,0
37,38.4,41.5,0
38,39.9,42.6,0
39,42.8,42.8,0
40,42.2,41.4,0
41,28.6,10,0
42,11.6,5.3,0
43,5.3,5.3,0
44,5.4,5.4,0
45,5.4,5.1,0
46,5.4,4.9,0
47,13.7,4.8,0
48,22.2,22.2,0
49,13.5,5,0.388889
50,5.0,4.9,0
51,4.9,5,0
52,4.9,4.8,0
53,5.0,4.8,0
54,5.2,5,0.0138889
55,5.6,42.3,0
56,42.9,49.7,0
57,50.3,52.4,0
58,43.5,43.9,0
59,37.1,40.8,0
60,38.7,40.7,0
61,37.1,41.5,0
62,40.0,42.6,0
63,44.1,42.8,0
64,39.3,41.4,0
65,26.1,10,0
66,9.9,5.3,0
67,5.4,5.3,0
68,5.5,5.4,0
69,5.3,5.1,0
70,5.3,4.9,0
71,17.8,4.8,0
72,22.4,22.2,0
73,7.8,5,0
74,4.7,4.9,0
75,4.7,4.7,0
76,4.7,4.8,0
77,22.9,4.8,0.0138889
78,46.5,47.5,0.0138889
79,37.4,56,0.0138889
80,38.8,38.8,0.0833333
81,41.8,41.8,0.208333
82,43.5,43.5,0.513889
83,44.1,42.8,0.0277778
84,38.7,47.9,0
85,38.9,38.4,0
86,37.9,38.1,0
87,36.6,38.2,0
88,39.6,38.7,0
89,38.5,40.2,0
90,44.8,44.8,0
91,46.9,48.6,0.0138889
92,38.2,39.1,0.0138889
93,29.8,5.1,0
94,5.4,4.9,0
95,10.7,22.7,0
96,22.1,22.5,0
97,12.8,4.9,0
98,4.7,4.8,0
99,4.6,4.9,0
100,4.6,4.8,0
101,22.3,22.3,0.0138889
102,42.5,41.6,0
103,39.0,39,0
104,38.2,35.7,0
105,40.2,44.7,0
106,44.2,47.1,0
107,41.1,42.8,0
108,40.5,47.9,0
109,40.0,37.2,0
110,39.1,38.1,0
111,39.1,38.2,0
112,37.2,38.7,0
113,40.8,40.2,0
114,40.1,44.8,0.0138889
115,43.5,54.1,0.0138889
116,36.9,39.1,0.0138889
117,33.4,5.1,0.0138889
118,7.0,4.9,0
119,6.6,22.7,0
120,22.2,22.5,0
121,22.9,4.9,0
122,12.0,4.8,0
123,4.7,4.9,0
124,4.5,4.8,0
125,22.6,22.6,0
126,42.6,41.6,0
127,42.9,39,0
128,39.4,35.7,0
129,45.6,44.7,0
130,41.7,47.1,0
131,41.6,42.8,0
132,39.5,47.9,0
133,37.2,37.2,0
134,40.1,40,0
135,37.0,38.2,0
136,39.8,38.7,0
137,40.1,40.2,0
138,44.8,44.8,0
139,44.3,44.3,0.0138889
140,36.8,39.1,0.0138889
141,31.2,5.1,0
142,5.2,4.9,0
143,15.2,22.7,0
144,22.9,22.5,0
145,20.6,4.9,0
146,4.8,4.8,0
147,4.8,4.9,0
148,4.8,4.8,0
149,22.6,22.6,0
150,45.3,41.6,0
151,44.4,39,0
152,39.8,35.7,0
153,43.2,44.7,0
154,42.3,47.1,0
155,44.1,42.8,0
156,37.9,47.9,0
157,39.4,37.2,0
158,35.8,38.1,0
159,38.2,38.2,0
160,37.2,38.7,0
161,40.2,40.2,0
162,41.0,44.8,0
163,38.1,44.3,0.0138889
164,38.4,39.1,0.0138889
165,13.8,5.1,0
166,9.5,4.9,0
167,22.0,22,0
168,20.0,22.5,0
169,11.5,4.9,0
170,4.7,4.8,0
171,4.7,4.9,0
172,4.8,4.8,0
173,22.8,22.6,0
174,46.1,41.6,0
175,39.0,39,0.0138889
176,38.1,35.7,0
177,43.7,44.7,0
178,47.1,47.1,0
179,43.3,43.3,0
180,40.7,47.9,0
181,37.3,37.2,0
182,39.0,39,0
183,36.5,38.2,0
184,38.7,38.7,0
185,38.5,40.2,0
186,40.3,44.8,0
187,35.3,39,0
188,15.0,5.4,0
189,5.1,5.1,0
190,5.3,5.2,0
191,4.8,4.8,0
192,19.2,22.5,0
193,14.4,5,0
194,4.7,4.9,0
195,4.7,5,0
196,4.8,4.8,0
197,4.8,4.8,0.0138889
198,25.4,5,0
199,43.9,40.6,0
200,41.4,49.7,0
201,48.7,52.4,0
202,49.8,49.8,0
203,42.7,40.8,0
204,40.9,40.7,0
205,38.1,41.5,0
206,43.5,42.6,0
207,40.4,42.8,0
208,41.4,41.4,0
209,30.3,10,0
210,11.8,5.3,0
211,5.1,5.3,0
212,5.0,5.4,0
213,5.0,5.1,0
214,5.2,4.9,0
215,4.8,4.8,0
216,9.4,22.2,0
217,4.7,5,0.388889
218,4.8,4.9,0
219,21.7,5,0.0138889
220,12.7,4.8,0
221,4.9,4.8,0
222,5.0,5,0.0138889
223,6.8,42.3,0.0138889
224,31.5,49.7,0
225,39.4,52.4,0
226,45.8,45.8,0
227,39.8,40.8,0
228,38.8,40.7,0
229,41.3,41.5,0
230,40.6,42.6,0
231,40.6,42.8,0
232,40.2,41.4,0
233,28.0,10,0
234,9.6,5.3,0
235,5.2,5.3,0
236,5.0,5.4,0
237,5.1,5.1,0
238,5.2,4.9,0
239,17.9,4.8,0
240,20.1,22.2,0
241,4.7,5,0
242,4.8,4.9,0
243,4.7,4.7,0
244,4.9,4.8,0
245,19.9,4.8,0
246,36.5,47.5,0.0277778
247,36.3,56,0.0138889
248,37.1,38.8,0
249,44.7,44.7,0.138889
250,44.6,43.5,0.513889
251,43.8,43.8,0.0277778
252,37.5,47.9,0
253,39.4,37.2,0
254,41.3,39,0
255,37.2,38.2,0
256,39.7,38.7,0
257,43.9,40.2,0
258,46.2,44.8,0
259,50.0,44.3,0.0138889
260,42.8,39.1,0.0138889
261,29.0,5.1,0
262,5.3,4.9,0
263,11.2,22,0
264,22.2,22.2,0
265,15.7,4.9,0
266,4.8,4.8,0
267,4.9,4.9,0
268,6.1,4.8,0
269,18.2,22.6,0.0138889
270,37.0,41.6,0.0138889
271,41.7,39,0
272,37.7,35.7,0
273,44.7,44.7,0
274,47.1,47.1,0
275,47.2,43.3,0
276,41.3,47.9,0
277,39.6,37.2,0
278,40.9,39,0
279,39.0,38.2,0
280,44.5,38.7,0
281,42.7,40.2,0
282,48.3,44.8,0
283,46.3,44.3,0.0138889
284,43.9,39.1,0.0138889
285,31.8,5.1,0
286,5.3,4.9,0
287,9.1,22,0
288,21.4,22.2,0
289,16.9,4.9,0
290,4.8,4.8,0
291,4.8,4.9,0
292,4.9,4.8,0
293,11.9,22.6,0.0277778
294,38.9,41.6,0
295,40.0,39,0
296,39.9,40.9,0
297,45.4,44.7,0
298,45.4,47.1,0
299,47.3,43.3,0
300,42.9,47.9,0
301,42.7,37.2,0
302,45.8,45.8,0
303,46.8,38.2,0
304,41.0,38.7,0
305,42.0,40.2,0
306,42.7,44.8,0
307,43.6,44.3,0.0138889
308,39.7,39.1,0.0138889
309,31.4,5.1,0
310,5.2,4.9,0
311,8.2,22,0
312,17.6,22.2,0
313,18.8,4.9,0
314,4.7,4.8,0
315,4.8,4.9,0
316,4.9,4.8,0
317,18.9,22.6,0
318,37.4,41.6,0
319,37.9,39,0
320,40.9,40.9,0
321,44.4,44.7,0
322,43.1,47.1,0
323,43.3,43.3,0
324,41.2,47.9,0
325,39.0,37.2,0
326,43.6,45.8,0
327,44.6,38.2,0
328,40.1,38.7,0
329,41.7,40.2,0
330,46.5,44.8,0
331,40.6,44.3,0.0138889
332,39.0,39.1,0.0138889
333,17.1,5.1,0
334,5.3,5.3,0
335,4.9,22,0
336,8.6,22.2,0
337,4.7,4.9,0
338,5.2,4.8,0
339,22.2,4.9,0
340,14.1,4.8,0
341,22.3,22.6,0
342,44.0,41.6,0
343,44.1,39,0
344,39.1,40.9,0
345,45.7,44.7,0
346,45.0,47.1,0
347,42.7,43.3,0
348,42.0,47.9,0
349,37.2,37.2,0
350,41.6,45.8,0
351,44.7,38.2,0
352,39.7,38.7,0
353,40.8,40.2,0
354,40.5,44.8,0
355,37.3,39,0
356,15.6,5.4,0
357,5.3,5.1,0
358,5.1,5.2,0
359,8.4,4.8,0
360,21.4,22.5,0
361,22.0,5,0
362,4.7,4.9,0
363,4.7,5,0
364,4.7,4.8,0
365,4.8,4.8,0.0138889
366,23.5,5,0
367,43.7,40.6,0
368,46.6,49.7,0
369,50.3,50.3,0
370,48.3,45.8,0
371,42.3,40.8,0
372,39.8,40.7,0
373,41.5,41.5,0
374,43.0,43,0
375,45.8,42.8,0
376,39.9,41.4,0
377,32.5,10,0
378,11.3,5.3,0
379,5.2,5.3,0
380,5.2,5.4,0
381,5.1,5.1,0
382,5.2,4.9,0
383,15.9,4.8,0
384,21.7,22.2,0
385,14.1,5,0.388889
386,4.7,4.9,0
387,4.7,5,0
388,4.7,4.8,0
389,4.9,4.8,0
390,5.0,5,0.0138889
391,5.5,5.5,0
392,38.4,52.9,0
393,46.7,50.3,0
394,39.3,45.8,0
395,39.6,40.8,0
396,39.8,40.7,0
397,42.3,41.5,0
398,44.6,43,0
399,46.5,42.8,0
400,40.1,41.4,0
401,25.3,10,0
402,9.6,5.3,0
403,5.2,5.3,0
404,5.2,5.4,0
405,5.2,5.1,0
406,5.2,5.2,0
407,15.9,4.8,0
408,21.0,22.2,0
409,16.7,5,0
410,4.9,4.9,0
411,5.1,4.7,0
412,4.9,4.8,0
413,20.9,4.8,0.0138889
414,41.0,47.5,0.0138889
415,37.1,56,0
416,41.1,38.8,0.0138889
417,42.0,44.7,0.138889
418,50.1,43.5,0.5
419,42.4,43.3,0
420,40.1,40.3,0
421,38.6,37.2,0
422,38.6,39,0
423,38.7,38.2,0
424,39.1,38.7,0
425,41.9,40.2,0
426,45.9,44.8,0
427,45.1,44.3,0.0138889
428,39.8,39.8,0.0138889
429,30.2,5.1,0
430,5.4,5.3,0
431,10.7,22,0
432,17.5,22.2,0
433,19.5,4.9,0
434,4.9,4.8,0
435,5.0,4.9,0
436,5.0,4.8,0
437,22.2,22.6,0
438,44.1,41.6,0
439,43.6,39,0
440,41.0,40.9,0
441,43.4,44.7,0
442,44.7,47.1,0
443,43.3,43.3,0
444,38.6,47.9,0
445,40.1,37.2,0
446,40.7,39,0
447,39.4,38.2,0
448,39.2,38.7,0
449,42.0,40.2,0
450,41.6,44.8,0
451,40.8,44.3,0.0138889
452,38.3,39.8,0.0138889
453,31.8,5.1,0
454,5.2,5.3,0
455,4.8,22,0
456,9.2,22.2,0
457,4.6,4.9,0
458,15.7,4.8,0
459,22.7,4.9,0
460,4.9,4.8,0
461,21.4,22.6,0
462,41.6,41.6,0
463,43.2,39,0
464,39.3,40.9,0
465,49.4,44.7,0
466,44.1,47.1,0
467,42.3,43.3,0
468,40.2,47.9,0
469,38.4,37.2,0
470,41.0,39,0
471,37.2,38.2,0
472,40.0,38.7,0
473,39.8,40.2,0
474,44.3,44.8,0
475,38.7,44.3,0.0138889
476,36.5,39.8,0.0138889
477,31.4,5.1,0
478,5.1,5.3,0
479,13.5,22,0
480,22.6,22.2,0
481,22.0,4.9,0
482,4.8,4.8,0
483,4.6,4.9,0
484,4.6,4.8,0
485,23.3,22.6,0
486,48.9,41.6,0
487,46.8,39,0
488,45.9,40.9,0
489,47.5,44.7,0
490,40.6,47.1,0
491,41.7,43.3,0
492,37.4,47.9,0
493,39.7,37.2,0
494,39.0,39,0
495,36.4,38.2,0
496,38.5,38.7,0
497,40.0,40.2,0
498,43.7,44.8,0
499,41.5,44.3,0.0138889
500,37.3,39.8,0.0138889
501,14.8,5.1,0
502,5.1,5.3,0
503,17.0,22,0
504,20.6,22.2,0
505,18.2,4.9,0
506,4.7,4.8,0
507,4.7,4.9,0
508,4.5,4.8,0
509,22.9,22.6,0
510,49.3,41.6,0
511,45.8,39,0
512,40.9,40.9,0
513,41.8,44.7,0
514,48.4,47.1,0
515,43.0,43.3,0
516,40.8,47.9,0
517,37.2,37.2,0
518,39.6,39,0
519,39.3,38.2,0
520,37.5,38.7,0
521,38.2,40.2,0
522,40.1,44.8,0
523,35.8,39,0
524,15.7,5.4,0
525,5.2,5.1,0
526,5.1,5.2,0
527,4.9,4.8,0
528,21.3,22.5,0
529,21.1,5,0
530,4.7,4.9,0
531,4.8,5,0
532,4.8,4.8,0
533,4.8,4.8,0
534,23.5,5,0
535,44.0,5.5,0
536,42.0,49.7,0
537,47.6,50.3,0
538,48.2,45.8,0
539,41.6,41.6,0
540,41.2,40.7,0
541,37.8,41.5,0
542,39.8,43,0
543,40.6,42.8,0
544,39.0,41.4,0
545,30.6,10,0
546,12.6,5.3,0
547,5.0,5.3,0
548,5.3,5.4,0
549,5.1,5.1,0
550,5.1,5.2,0
551,13.6,4.8,0
552,22.2,22.2,0
553,17.3,5,0.388889
554,4.7,4.9,0
555,4.8,5,0
556,4.7,4.8,0
557,4.7,4.8,0
558,5.0,5,0.0138889
559,5.4,5.4,0
560,35.5,49.7,0
561,44.8,50.3,0
562,41.1,45.8,0
563,39.4,41.6,0
564,35.9,40.7,0
565,40.1,41.5,0
566,39.2,43,0
567,40.1,42.8,0
568,38.6,41.4,0
569,26.2,10,0
570,9.7,5.3,0
571,5.3,5.3,0
572,5.3,5.4,0
573,5.1,5.1,0
574,5.2,5.2,0
575,16.8,4.8,0
576,21.2,21.2,0
577,16.2,5,0
578,4.9,4.9,0
579,4.7,4.7,0
580,4.7,4.8,0
581,22.1,4.8,0
582,43.6,47.5,0.0138889
583,38.6,56,0
584,37.0,38.8,0
585,42.9,44.7,0.138889
586,48.8,43.5,0.444444
587,41.4,43.3,0.0416667
588,38.9,41.2,0
589,36.9,37.2,0
590,37.6,39,0
591,38.2,38.2,0
592,36.8,38.7,0
593,42.8,40.2,0
594,45.5,44.8,0
595,49.5,44.3,0.0138889
596,38.6,39.8,0.0138889
597,35.8,5.1,0
598,5.1,5.3,0
599,4.9,4.9,0
600,21.6,22.2,0
601,15.6,4.9,0
602,4.8,4.8,0
603,4.7,4.9,0
604,4.7,4.8,0
605,20.8,22.6,0
606,42.0,41.6,0
607,37.9,39,0
608,36.6,40.9,0
609,40.2,44.7,0
610,46.8,47.1,0
611,42.2,43.3,0
612,38.9,47.9,0
613,38.3,37.2,0
614,38.8,39,0
615,39.6,38.2,0
616,38.3,38.7,0
617,40.4,40.2,0
618,41.4,44.8,0
619,46.6,44.3,0.0138889
620,42.0,39.8,0.0138889
621,33.4,5.1,0
622,5.2,5.3,0
623,7.9,4.9,0
624,22.4,22.2,0
625,11.3,4.9,0
626,4.8,4.8,0
627,4.9,4.9,0
628,4.8,4.8,0
629,13.3,22.6,0
630,37.4,41.6,0
631,41.3,39,0
632,38.9,40.9,0
633,43.8,44.7,0
634,48.6,47.1,0
635,45.9,43.3,0
636,39.6,47.9,0
637,37.4,37.2,0
638,40.0,39,0
639,35.2,38.2,0
640,38.5,38.7,0
641,40.2,40.2,0
642,45.9,44.8,0
643,44.3,44.3,0.0138889
644,41.0,39.8,0.0138889
645,34.6,5.1,0
646,5.3,5.3,0
647,16.3,22,0
648,22.5,22.5,0
649,16.1,4.9,0
650,4.8,4.8,0
651,4.8,4.9,0
652,4.8,4.8,0
653,18.6,22.6,0
654,37.2,41.6,0
655,37.8,39,0
656,39.0,40.9,0
657,42.3,44.7,0
658,48.5,47.1,0
659,42.2,43.3,0
660,37.6,47.9,0
661,38.3,37.2,0
662,40.3,39,0
663,38.2,38.2,0
664,36.9,38.7,0
665,39.8,40.2,0
666,46.3,44.8,0
667,43.3,44.3,0.0138889
668,40.7,39.8,0.0138889
669,14.0,5.1,0
670,7.7,5.3,0
671,22.0,22,0
672,19.8,22.5,0
673,14.6,4.9,0
674,4.9,4.8,0
675,4.8,4.9,0
676,4.8,4.8,0
677,19.6,22.6,0
678,38.2,41.6,0
679,41.5,39,0
680,39.9,40.9,0
681,43.9,44.7,0
682,50.5,47.1,0
683,50.7,43.3,0
684,42.4,47.9,0
685,42.9,37.2,0
686,43.5,39,0
687,46.1,38.2,0
688,41.9,38.7,0
689,47.0,40.2,0
690,40.9,44.8,0
691,43.2,39,0
692,16.0,5.4,0
693,5.4,5.1,0
694,5.3,5.2,0
695,5.0,4.8,0
696,21.2,22.5,0
697,21.9,5,0
698,4.9,4.9,0
699,4.9,5,0
700,4.8,4.8,0
701,4.9,4.8,0
702,14.9,5,0
703,40.4,5.4,0
704,44.8,49.7,0
705,56.1,50.3,0
706,58.9,58.9,0
707,46.5,41.6,0
708,45.5,40.7,0
709,43.4,41.5,0
710,47.6,47.6,0
711,47.4,42.8,0
712,43.7,41.4,0
713,28.9,10,0
714,18.7,5.3,0
715,5.5,5.3,0
716,5.3,5.4,0
717,5.4,5.1,0
718,5.2,5.2,0
719,9.7,4.8,0
720,21.5,22.2,0
721,20.3,5,0.388889
722,4.8,4.9,0
723,4.9,4.9,0
724,4.7,4.8,0
725,4.9,4.9,0
726,5.0,5,0
727,5.5,5.5,0
728,34.4,52.9,0
729,44.7,50.3,0
730,41.4,58.9,0
731,40.8,40.8,0
732,38.1,40.7,0
733,43.2,41.5,0
734,48.0,47.6,0
735,47.2,42.8,0
736,42.0,41.4,0
737,25.0,10,0
738,9.2,5.3,0
739,5.3,5.3,0
740,5.2,5.4,0
741,5.3,5.1,0
742,5.2,5.2,0
743,12.9,4.8,0
744,21.4,22.2,0
745,17.8,5,0
746,4.7,4.9,0
747,4.8,4.7,0
748,4.7,4.8,0
749,21.7,4.8,0
750,42.3,46.5,0.0138889
751,38.4,56,0
752,37.5,38.8,0
753,45.3,44.7,0.138889
754,50.8,43.5,0.430556
755,40.6,43.3,0.0694444
756,38.5,38.9,0
757,36.5,37.2,0
758,41.9,39,0
759,40.6,38.2,0
760,38.7,38.7,0
761,40.7,40.2,0
762,46.8,44.8,0
763,45.7,44.3,0.0138889
764,39.6,39.8,0.0138889
765,31.8,5.1,0
766,5.4,5.3,0
767,9.2,22,0
768,17.9,22.5,0
769,15.0,4.9,0
770,5.3,4.8,0
771,5.2,4.9,0
772,5.3,4.8,0
773,18.8,22.6,0
774,40.2,41.6,0
775,37.4,39,0
776,41.2,40.9,0
777,47.5,44.7,0
778,46.7,47.1,0
779,40.7,43.3,0
780,39.7,47.9,0
781,39.7,37.2,0
782,36.5,39,0
783,38.2,38.2,0
784,38.3,38.7,0
785,39.0,40.2,0
786,43.7,43.7,0
787,41.0,44.3,0.0138889
788,37.7,39.8,0.0138889
789,32.2,5.1,0
790,5.3,5.3,0
791,4.9,4.9,0
792,9.4,22.5,0
793,4.8,4.9,0
794,14.7,4.8,0
795,22.5,4.9,0
796,8.3,4.8,0
797,19.5,22.6,0
798,41.6,41.6,0
799,37.0,39,0
800,38.6,40.9,0
801,43.2,44.7,0
802,48.0,47.1,0
803,43.6,43.3,0
804,41.3,41.3,0
805,41.1,37.2,0
806,44.8,39,0
807,45.2,38.2,0
808,39.9,38.7,0
809,41.5,40.2,0
810,46.6,43.7,0
811,46.0,44.3,0.0138889
812,39.8,39.8,0.0138889
813,30.2,5.1,0
814,5.1,5.3,0
815,16.2,22,0
816,23.7,22.5,0
817,20.4,4.9,0
818,4.9,4.8,0
819,4.7,4.9,0
820,4.7,4.8,0
821,21.6,22.6,0
822,44.0,41.6,0
823,44.1,44.1,0
824,40.9,40.9,0
825,38.5,44.7,0
826,43.8,47.1,0
827,41.7,43.3,0
828,40.3,47.9,0
829,38.4,37.2,0
830,38.1,39,0
831,40.0,38.2,0
832,39.1,38.7,0
833,37.6,40.2,0
834,43.7,43.7,0
835,39.7,44.3,0.0138889
836,39.5,39.8,0.0138889
837,14.2,5.1,0
838,5.1,5.3,0
839,15.5,22,0
840,19.9,22.5,0
841,22.2,4.9,0
842,20.5,4.8,0
843,20.4,4.9,0
844,20.5,4.8,0
845,34.9,22.6,0.0138889
846,43.5,41.6,0
847,38.7,44.1,0
848,36.3,40.9,0
849,44.5,44.7,0
850,46.1,47.1,0
851,41.6,43.3,0
852,38.8,47.9,0
853,37.1,37.2,0
854,38.0,39,0
855,43.0,38.2,0
856,39.6,38.7,0
857,40.7,40.2,0
858,39.2,43.7,0
859,39.4,39,0
860,16.1,5.4,0
861,5.3,5.1,0
862,5.2,5.2,0
863,4.8,4.8,0
864,22.0,22.5,0
865,16.9,5,0
866,4.7,4.9,0
867,4.7,4.9,0
868,4.7,4.8,0
869,4.7,4.9,0
870,24.5,5,0
871,45.1,5.5,0
872,45.4,49.7,0
873,45.2,50.3,0
874,45.2,58.9,0
875,41.2,40.8,0
876,37.9,40.7,0
877,36.9,41.5,0
878,38.0,47.6,0
879,41.4,42.8,0
880,41.2,41.4,0
881,28.4,10,0
882,10.4,5.3,0
883,5.6,5.3,0
884,5.4,5.4,0
885,5.6,5.1,0
886,5.5,5.2,0
887,6.9,4.8,0
888,22.2,22.2,0
889,16.2,5,0.388889
890,4.9,4.9,0
891,5.0,5,0
892,4.9,4.8,0
893,5.1,4.9,0
894,5.2,5,0
895,5.4,5.4,0
896,38.8,52.9,0
897,45.8,50.3,0
898,43.9,43.9,0
899,36.8,40.8,0
900,37.5,40.7,0
901,37.6,41.5,0.0138889
902,38.1,47.6,0.0138889
903,42.3,42.8,0
904,38.7,41.4,0
905,24.2,10,0
906,9.3,5.3,0
907,5.2,5.3,0
908,5.2,5.4,0
909,5.2,5.1,0
910,5.3,5.2,0
911,11.7,4.8,0
912,22.2,22.2,0
913,15.4,5,0
914,4.7,4.9,0
915,4.7,4.7,0
916,4.7,4.7,0
917,22.4,4.8,0
918,45.1,45.1,0.0277778
919,42.5,56,0
920,36.8,38.8,0
921,41.5,41.5,0.138889
922,49.2,43.5,0.430556
923,41.0,41.6,0.138889
924,39.7,40.3,0
925,39.1,37.2,0
926,43.6,39,0
927,42.8,38.2,0
928,38.7,38.7,0
929,40.4,40.2,0
930,44.4,43.7,0
931,49.5,44.3,0.0138889
932,40.8,39.8,0.0138889
933,31.4,5.1,0
934,5.3,5.3,0
935,17.6,22,0
936,22.3,22.5,0
937,10.7,4.9,0
938,4.9,4.8,0
939,4.8,4.9,0
940,4.8,4.8,0
941,17.6,22.6,0
942,38.6,41.6,0
943,41.0,44.1,0
944,36.9,40.9,0
945,42.9,44.7,0
946,45.5,47.1,0
947,40.4,43.3,0
948,41.2,41.2,0
949,39.9,37.2,0
950,37.5,39,0
951,39.8,38.2,0
952,38.9,38.7,0
953,39.0,40.2,0
954,43.9,43.7,0
955,44.6,44.3,0.0138889
956,43.0,39.8,0.0138889
957,32.0,5.1,0
958,5.2,5.3,0
959,13.0,22,0
960,22.5,22.5,0
961,13.5,4.9,0
962,4.8,4.8,0
963,4.8,4.9,0
964,4.9,4.8,0
965,14.1,22.6,0
966,37.5,41.6,0
967,41.3,41.3,0
968,36.2,40.9,0
969,40.7,44.7,0
970,42.1,47.1,0
971,43.3,43.3,0
972,39.8,41.2,0.0138889
973,40.0,37.2,0
974,42.2,39,0
975,43.1,38.2,0
976,39.1,38.7,0
977,38.0,40.2,0
978,45.2,43.7,0
979,45.5,44.3,0.0138889
980,39.1,39.8,0.0138889
981,30.6,5.1,0
982,5.2,5.3,0
983,7.5,4.9,0
984,21.7,22.5,0
985,17.1,4.9,0
986,4.8,4.8,0
987,4.9,4.9,0
988,4.7,4.8,0
989,18.7,22.6,0
990,38.8,41.6,0
991,36.7,41.3,0
992,37.6,40.9,0
993,41.8,44.7,0
994,47.0,47.1,0
995,42.2,43.3,0
996,42.1,41.2,0
997,38.0,37.2,0
998,39.9,39,0
999,37.5,38.2,0
1000,37.4,38.7,0
1001,40.2,40.2,0
1002,43.5,43.7,0
1003,41.2,44.3,0.0138889
1004,38.0,39.8,0.0138889
1005,17.1,5.1,0
1006,5.3,5.3,0
1007,12.1,22,0
1008,18.3,22.5,0
1009,12.9,4.9,0
1010,4.8,4.8,0
1011,4.8,4.9,0
1012,4.7,4.8,0
1013,19.8,22.6,0
1014,43.0,41.6,0
1015,38.3,41.3,0
1016,41.3,40.9,0
1017,42.0,44.7,0
1018,45.9,47.1,0
1019,45.6,43.3,0
1020,38.9,38.9,0
1021,38.3,37.2,0
1022,42.7,39,0
1023,43.8,38.2,0
1024,38.7,38.7,0
1025,39.2,40.2,0
1026,41.7,43.7,0
1027,38.2,38.2,0
1028,14.1,5.4,0
1029,5.4,5.1,0
1030,5.2,5.2,0
1031,5.1,4.8,0
1032,18.1,22.5,0
1033,19.6,5,0
1034,4.9,4.9,0
1035,4.9,4.9,0
1036,4.9,4.8,0
1037,4.9,4.9,0
1038,19.8,5,0
1039,40.6,40.6,0
1040,43.2,49.7,0
1041,50.1,50.3,0
1042,52.9,43.9,0
1043,40.8,40.8,0
1044,42.6,40.7,0
1045,40.8,41.5,0
1046,46.1,47.6,0
1047,45.8,45.8,0
1048,42.9,41.4,0
1049,29.5,10,0
1050,10.8,5.3,0
1051,5.3,5.3,0
1052,5.3,5.4,0
1053,5.3,5.1,0
1054,5.2,5.2,0
1055,5.0,4.8,0
1056,9.2,22.2,0
1057,5.0,5,0.388889
1058,4.8,4.9,0
1059,20.1,4.9,0.0138889
1060,13.7,4.8,0
1061,5.0,4.9,0
1062,5.2,5,0
1063,5.3,5.4,0
1064,31.3,49.7,0
1065,43.8,50.3,0
1066,43.9,43.9,0
1067,39.3,40.8,0
1068,41.5,40.7,0
1069,38.2,41.5,0
1070,42.6,42.6,0
1071,45.0,45.8,0
1072,41.4,41.4,0
1073,24.4,10,0
1074,9.2,5.3,0
1075,5.2,5.3,0
1076,5.3,5.4,0
1077,5.4,5.1,0
1078,5.2,5.2,0
1079,16.7,4.8,0
1080,21.4,22.2,0
1081,11.7,5,0
1082,4.7,4.9,0
1083,4.8,4.7,0
1084,4.8,4.7,0
1085,13.4,4.9,0.0138889
1086,40.4,45.1,0.0138889
1087,40.0,56,0
1088,36.8,36.8,0
1089,48.9,41.5,0.152778
1090,53.1,43.5,0.416667
1091,45.5,43.3,0.0555556
1092,40.3,40.3,0
1093,35.5,37.2,0
1094,41.9,39,0
1095,39.8,38.2,0
1096,36.4,38.7,0
1097,41.6,40.2,0
1098,50.1,43.7,0
1099,53.2,44.3,0.0138889
1100,39.7,39.8,0.0138889
1101,29.5,5.1,0
1102,5.8,5.3,0
1103,6.7,4.9,0
1104,21.4,22.5,0
1105,13.8,4.9,0
1106,4.9,4.8,0
1107,4.8,4.9,0
1108,4.8,4.8,0
1109,19.3,22.6,0
1110,43.3,41.6,0
1111,39.3,41.3,0
1112,41.5,40.9,0
1113,44.5,44.7,0
1114,44.7,47.1,0
1115,40.2,43.3,0
1116,35.3,38.9,0
1117,35.9,37.2,0
1118,36.5,39,0
1119,37.9,38.2,0
1120,33.6,38.7,0
1121,39.0,40.2,0
1122,43.4,43.7,0
1123,46.8,44.3,0.0138889
1124,41.4,39.8,0.0138889
1125,26.9,5.1,0
1126,5.6,5.3,0
1127,5.7,4.9,0
1128,21.1,22.5,0
1129,16.4,4.9,0
1130,5.6,4.8,0
1131,5.7,4.9,0
1132,5.6,4.8,0
1133,16.9,22.6,0
1134,42.2,41.6,0
1135,45.6,44.1,0
1136,38.2,40.9,0
1137,44.3,44.7,0
1138,47.4,47.1,0
1139,43.1,43.3,0
1140,37.0,38.9,0
1141,34.1,37.2,0
1142,32.2,39,0
1143,34.5,38.2,0
1144,34.9,38.7,0
1145,43.4,40.2,0
1146,51.9,43.7,0
1147,48.9,44.3,0.0138889
1148,44.0,39.8,0.0138889
1149,30.0,5.1,0
1150,5.7,5.3,0
1151,5.3,4.9,0
1152,21.5,22.5,0
1153,22.2,4.9,0
1154,4.9,4.8,0
1155,4.9,4.9,0
1156,4.8,4.8,0
1157,10.6,22.6,0
1158,36.9,41.6,0
1159,40.9,41.3,0
1160,40.3,40.9,0
1161,52.5,44.7,0
1162,58.1,47.1,0
1163,52.3,43.3,0
1164,44.5,38.9,0
1165,43.6,37.2,0
1166,47.2,39,0
1167,43.2,38.2,0
1168,41.4,38.7,0
1169,48.8,40.2,0
1170,52.4,43.7,0
1171,48.6,44.3,0.0138889
1172,43.0,39.8,0.0138889
1173,15.0,5.1,0
1174,5.3,5.3,0
1175,21.1,22,0
1176,18.2,22.5,0
1177,16.1,4.9,0
1178,4.8,4.8,0
1179,4.9,4.9,0
1180,4.8,4.8,0
1181,12.9,22.6,0
1182,41.2,41.6,0
1183,41.7,41.3,0
1184,37.0,40.9,0
1185,48.9,44.7,0
1186,54.2,47.1,0
1187,49.6,43.3,0
1188,40.3,40.3,0
1189,38.4,37.2,0
1190,39.0,39,0
1191,40.2,38.2,0
1192,37.7,38.7,0
1193,41.3,40.2,0
1194,41.6,43.7,0
1195,39.0,39,0
1196,18.3,5.4,0
1197,5.4,5.1,0
1198,5.4,5.2,0
1199,4.9,4.8,0
1200,9.4,22.5,0
1201,4.8,5,0
1202,11.0,4.9,0
1203,22.0,4.9,0
1204,14.3,4.8,0
1205,5.3,4.9,0
1206,18.5,5,0
1207,40.7,40.6,0
1208,47.6,52.9,0
1209,49.9,50.3,0
1210,49.8,43.9,0
1211,42.1,40.8,0
1212,34.0,40.3,0
1213,35.9,41.5,0
1214,38.5,42.6,0
1215,39.4,39.4,0
1216,42.9,41.4,0
1217,34.1,10,0
1218,12.5,5.3,0
1219,5.5,5.3,0
1220,5.6,5.4,0
1221,5.5,5.1,0
1222,5.5,5.2,0
1223,14.6,4.8,0
1224,21.4,22.2,0
1225,12.5,5,0.388889
1226,5.0,4.9,0
1227,5.0,5,0
1228,5.1,4.8,0
1229,5.2,4.9,0
1230,6.0,5,0
1231,9.0,5.4,0
1232,40.1,49.7,0
1233,43.1,50.3,0
1234,42.4,43.9,0
1235,36.4,40.8,0
1236,31.9,40.3,0
1237,33.8,41.5,0
1238,36.8,42.6,0
1239,35.5,45.8,0
1240,34.8,41.4,0
1241,24.0,10,0
1242,9.4,5.3,0
1243,5.5,5.3,0
1244,5.4,5.4,0
1245,5.5,5.1,0
1246,5.5,5.2,0
1247,5.1,4.8,0
1248,22.2,22.2,0
1249,11.6,5,0
1250,5.1,4.9,0
1251,5.1,4.7,0
1252,5.0,4.7,0
1253,15.8,4.9,0
1254,39.8,45.1,0.0138889
1255,35.6,5.1,0.0138889
1256,33.3,36.8,0
1257,43.3,41.5,0.125
1258,46.1,43.5,0.388889
1259,38.1,43.3,0.125
1260,34.2,40.3,0
1261,31.4,38.4,0
1262,31.7,39,0
1263,31.6,38.2,0
1264,32.3,38.7,0
1265,37.3,40.2,0
1266,48.3,43.7,0
1267,48.8,44.3,0.0138889
1268,40.2,39.8,0.0138889
1269,28.2,5.1,0
1270,5.5,5.3,0
1271,7.4,4.9,0
1272,21.1,22.5,0
1273,18.1,4.9,0
1274,5.4,4.8,0
1275,5.5,4.9,0
1276,5.5,4.8,0
1277,17.9,22.6,0
1278,39.7,41.6,0
1279,39.0,39,0
1280,35.4,40.9,0
1281,44.5,44.5,0
1282,45.4,47.1,0
1283,42.8,43.3,0
1284,35.5,38.9,0
1285,38.9,37.2,0
1286,39.2,39,0
1287,39.4,38.2,0
1288,38.7,38.7,0
1289,42.4,40.2,0
1290,46.1,43.7,0
1291,49.3,44.3,0.0138889
1292,43.4,39.8,0.0138889
1293,27.5,5.1,0
1294,5.5,5.3,0
1295,5.3,4.9,0
1296,21.1,22.5,0
1297,21.1,4.9,0
1298,5.0,4.8,0
1299,5.2,4.9,0
1300,5.1,4.8,0
1301,15.8,22.6,0
1302,39.8,41.6,0
1303,37.4,39,0
1304,35.0,40.9,0
1305,44.7,44.7,0
1306,48.0,47.1,0
1307,45.2,43.3,0
1308,38.0,38.9,0
1309,38.1,37.2,0
1310,38.7,39,0
1311,39.0,38.2,0
1312,36.2,38.7,0
1313,41.9,40.2,0
1314,49.9,43.7,0
1315,44.9,44.3,0.0138889
1316,36.1,39.8,0.0138889
1317,24.7,5.1,0
1318,5.3,5.3,0
1319,9.4,22,0
1320,21.3,22.5,0
1321,21.6,4.9,0
1322,7.0,4.8,0
1323,5.1,4.9,0
1324,5.0,4.8,0
1325,16.7,22.6,0
1326,39.6,41.6,0
1327,37.2,39,0
1328,33.3,40.9,0
1329,43.3,44.7,0
1330,46.7,47.1,0
1331,41.8,43.3,0
1332,38.0,38.9,0
1333,35.8,37.2,0
1334,34.8,39,0
1335,38.2,38.2,0
1336,35.1,38.7,0
1337,43.1,40.2,0
1338,44.7,43.7,0
1339,39.0,44.3,0.0138889
1340,36.1,36.1,0.0138889
1341,14.8,5.1,0
1342,5.3,5.3,0
1343,15.5,22,0
1344,22.0,22.5,0
1345,9.3,4.9,0
1346,5.0,4.8,0
1347,5.0,4.9,0
1348,5.1,4.8,0
1349,18.3,22.6,0
1350,41.0,41.6,0
1351,40.6,39,0
1352,32.5,40.9,0
1353,43.1,44.7,0
1354,51.3,47.1,0
1355,42.6,43.3,0
1356,37.8,38.9,0
1357,35.7,37.2,0
1358,37.3,39,0
1359,38.6,38.2,0
1360,37.6,38.7,0
1361,41.1,40.2,0
1362,41.0,43.7,0
1363,37.7,39,0
1364,16.1,5.4,0
1365,5.5,5.1,0
1366,5.4,5.2,0
1367,10.0,4.8,0
1368,22.7,22.5,0
1369,14.6,5,0
1370,5.1,4.9,0
1371,5.1,5,0
1372,5.0,4.8,0
1373,5.0,4.9,0
1374,17.1,5,0
1375,41.3,40.6,0
1376,46.9,52.9,0
1377,49.0,50.3,0
1378,46.1,43.9,0
1379,40.3,40.8,0
1380,35.1,40.3,0
1381,33.9,41.5,0
1382,38.7,42.6,0
1383,36.5,45.8,0
1384,41.3,41.4,0
1385,36.2,10,0
1386,11.3,5.3,0
1387,5.5,5.3,0
1388,5.5,5.4,0
1389,5.4,5.1,0
1390,5.2,5.2,0
1391,15.0,4.8,0
1392,21.5,22.2,0
1393,16.1,5,0.388889
1394,5.0,4.9,0
1395,5.0,5,0
1396,5.1,4.8,0
1397,5.0,4.9,0
1398,6.2,5,0
1399,9.7,5.4,0
1400,38.1,49.7,0
1401,45.7,50.3,0
1402,44.3,43.9,0
1403,36.4,40.8,0
1404,33.7,40.3,0
1405,33.3,41.5,0
1406,36.1,42.6,0
1407,37.1,39.4,0
1408,32.5,41.4,0
1409,24.4,10,0
1410,9.5,5.3,0
1411,5.5,5.3,0
1412,5.4,5.4,0
1413,5.5,5.1,0
1414,5.2,5.2,0
1415,7.2,4.8,0
1416,22.5,22.2,0
1417,16.7,5,0
1418,5.1,4.9,0
1419,5.1,4.7,0
1420,5.0,4.7,0
1421,15.2,4.9,0
1422,41.6,45.1,0.0138889
1423,36.1,56,0
1424,33.7,36.8,0
1425,46.1,41.5,0.111111
1426,49.5,43.5,0.402778
1427,40.9,43.3,0.111111
1428,36.7,40.3,0
1429,34.9,38.4,0
1430,36.8,39,0
1431,37.1,38.2,0
1432,36.5,38.7,0
1433,43.6,40.2,0
1434,52.5,43.7,0
1435,49.7,44.3,0.0138889
1436,37.8,36.1,0.0138889
1437,30.0,5.1,0
1438,6.2,5.3,0
1439,22.3,22,0
1440,10.2,22.5,0
1441,5.1,4.9,0
1442,5.1,4.8,0
1443,5.0,4.9,0
1444,5.1,4.8,0
1445,13.8,22.6,0
1446,38.5,41.6,0
1447,39.8,39,0
1448,37.7,40.9,0
1449,45.2,44.7,0
1450,46.5,47.1,0
1451,43.7,43.3,0
1452,38.2,38.9,0
1453,36.3,37.2,0
1454,38.4,39,0
1455,35.2,38.2,0
1456,39.0,38.7,0
1457,43.9,40.2,0
1458,50.3,43.7,0
1459,53.2,44.3,0.0138889
1460,46.6,36.1,0.0138889
1461,27.0,5.1,0
1462,5.4,5.3,0
1463,5.1,4.9,0
1464,20.8,22.5,0
1465,20.6,4.9,0
1466,5.1,4.8,0
1467,5.1,4.9,0
1468,5.1,4.8,0
1469,9.9,22.6,0.0138889
1470,39.4,41.6,0
1471,39.0,39,0
1472,36.4,40.9,0
1473,47.2,44.7,0
1474,49.6,47.1,0
1475,49.5,43.3,0
1476,43.5,38.9,0
1477,43.9,37.2,0
1478,43.8,39,0
1479,42.8,38.2,0
1480,43.8,38.7,0
1481,49.4,40.2,0
1482,59.8,43.7,0
1483,54.9,44.3,0.0138889
1484,44.6,36.1,0.0138889
1485,34.1,5.1,0
1486,5.4,5.3,0
1487,17.1,22,0
1488,23.0,22.5,0
1489,17.5,4.9,0
1490,5.3,4.8,0
1491,5.1,4.9,0
1492,5.2,4.8,0
1493,14.2,22.6,0
1494,38.5,41.6,0
1495,47.4,39,0
1496,40.4,40.9,0
1497,50.5,44.7,0
1498,53.5,47.1,0
1499,50.4,43.3,0
1500,40.5,38.9,0
1501,37.9,37.2,0
1502,37.4,39,0
1503,37.5,38.2,0
1504,38.4,38.7,0
1505,46.5,40.2,0
1506,50.4,43.7,0
1507,45.3,44.3,0.0138889
1508,41.0,36.1,0.0138889
1509,14.6,5.1,0
1510,5.3,5.3,0
1511,12.8,22,0
1512,18.0,22.5,0
1513,15.0,4.9,0
1514,4.9,4.8,0
1515,4.9,4.9,0
1516,4.8,4.8,0
1517,12.3,22.6,0
1518,45.3,41.6,0
1519,43.1,39,0
1520,35.7,40.9,0
1521,43.8,44.7,0
1522,48.8,47.1,0
1523,43.8,43.3,0
1524,36.1,38.9,0
1525,33.0,37.2,0
1526,35.8,39,0
1527,34.8,38.2,0
1528,36.3,38.7,0
1529,40.2,40.2,0
1530,41.8,43.7,0
1531,40.0,39,0
1532,18.5,5.4,0
1533,5.3,5.1,0
1534,5.1,5.2,0
1535,4.8,4.8,0
1536,16.8,22.5,0
1537,17.4,5,0
1538,4.9,4.9,0
1539,4.8,5,0
1540,4.8,4.8,0
1541,4.9,4.9,0
1542,9.6,5,0
1543,40.0,5.4,0
1544,50.7,52.9,0
1545,60.4,50.3,0
1546,60.2,43.9,0
1547,45.6,40.8,0
1548,40.3,40.3,0
1549,38.8,41.5,0
1550,38.2,42.6,0
1551,41.6,45.8,0
1552,47.1,41.4,0
1553,41.1,10,0
1554,12.5,5.3,0
1555,5.1,5.3,0
1556,5.3,5.4,0
1557,5.3,5.1,0
1558,5.1,5.2,0
1559,4.8,4.8,0
1560,17.5,22.2,0
1561,22.5,5,0.388889
1562,17.6,4.9,0
1563,4.9,5,0
1564,4.9,4.8,0
1565,4.8,4.9,0
1566,6.0,5,0
1567,9.9,5.4,0
1568,39.1,49.7,0
1569,49.2,50.3,0
1570,48.0,43.9,0
1571,42.1,40.8,0
1572,41.3,40.3,0
1573,40.2,41.5,0
1574,39.6,42.6,0
1575,41.9,45.8,0
1576,39.9,41.4,0
1577,25.6,10,0
1578,9.3,5.3,0
1579,5.3,5.3,0
1580,5.2,5.4,0
1581,5.3,5.1,0
1582,5.0,5.2,0
1583,9.4,4.8,0
1584,22.6,22.2,0
1585,20.5,5,0
1586,4.8,4.9,0
1587,4.8,4.7,0
1588,4.8,4.8,0
1589,10.5,4.8,0.0138889
1590,37.8,45.1,0
1591,36.2,56,0
1592,36.2,36.8,0
1593,50.0,41.5,0.111111
1594,53.1,53.1,0.388889
1595,41.4,43.3,0.125
1596,41.7,40.3,0
1597,39.3,38.4,0
1598,40.0,39,0
1599,37.6,38.2,0
1600,41.3,38.7,0
1601,47.7,40.2,0
1602,52.8,43.7,0
1603,55.1,44.3,0.0138889
1604,44.0,36.1,0.0138889
1605,29.4,5.1,0
1606,8.9,5.3,0
1607,21.6,22,0
1608,17.4,22.5,0
1609,4.8,4.9,0
1610,4.7,4.8,0
1611,4.8,4.9,0
1612,4.8,4.8,0
1613,16.2,22.6,0
1614,37.3,41.6,0
1615,40.8,39,0
1616,36.1,40.9,0
1617,45.0,44.7,0
1618,44.4,47.1,0
1619,43.0,43.3,0
1620,36.2,38.9,0
1621,33.1,37.2,0
1622,37.5,39,0
1623,36.9,38.2,0
1624,37.6,38.7,0
1625,41.0,40.2,0
1626,47.3,43.7,0
1627,47.6,44.3,0.0138889
1628,41.4,36.1,0.0138889
1629,27.2,5.1,0
1630,5.1,5.3,0
1631,12.6,22,0
1632,19.4,22.5,0
1633,19.3,4.9,0
1634,4.8,4.8,0
1635,4.8,4.9,0
1636,4.8,4.8,0
1637,16.0,22.6,0
1638,43.0,41.6,0
1639,41.8,39,0
1640,33.6,40.9,0
1641,44.1,44.7,0
1642,48.6,47.1,0
1643,45.5,43.3,0
1644,36.5,38.9,0
1645,37.4,37.2,0
1646,40.3,39,0
1647,37.9,38.2,0
1648,38.5,38.7,0
1649,38.8,40.2,0
1650,50.6,43.7,0
1651,47.0,44.3,0.0138889
1652,38.7,36.1,0.0138889
1653,28.3,5.1,0
1654,5.5,5.3,0
1655,5.1,4.9,0
1656,22.2,22.5,0
1657,19.1,4.9,0
1658,5.1,4.8,0
1659,5.1,4.9,0
1660,5.1,4.8,0
1661,16.0,16,0
1662,38.6,41.6,0
1663,35.9,39,0
1664,35.7,40.9,0
1665,45.5,44.7,0
1666,47.9,47.1,0
1667,48.2,43.3,0
1668,35.1,38.9,0
1669,34.5,37.2,0
1670,34.9,39,0
1671,33.7,38.2,0
1672,33.4,38.7,0
1673,42.4,40.2,0
1674,42.3,43.7,0
1675,42.0,44.3,0.0138889
1676,36.1,36.1,0.0138889
1677,14.3,5.1,0
1678,5.2,5.3,0
1679,17.0,22,0
1680,17.3,22.5,0
1681,8.1,4.9,0
1682,4.9,4.8,0
1683,4.9,4.9,0
1684,4.9,4.8,0
1685,14.4,16,0
1686,42.1,41.6,0
1687,43.5,39,0
1688,37.5,40.9,0
1689,48.0,44.7,0
1690,56.2,47.1,0
1691,48.5,43.3,0
1692,43.4,40.3,0
1693,41.6,37.2,0
1694,41.0,39,0
1695,38.8,38.2,0
1696,38.5,38.7,0
1697,40.1,40.2,0
1698,37.2,43.7,0
1699,37.5,39,0
1700,15.9,5.4,0
1701,5.3,5.1,0
1702,5.1,5.2,0
1703,4.7,4.8,0
1704,8.4,22.5,0
1705,4.8,4.8,0
1706,11.4,4.9,0
1707,22.1,5,0
1708,4.8,4.8,0
1709,4.7,4.9,0
1710,17.5,5,0
1711,41.1,40.6,0
1712,49.9,52.9,0
1713,52.4,52.4,0
1714,54.3,43.9,0
1715,42.6,40.8,0
1716,40.3,40.3,0
1717,39.0,41.5,0
1718,39.7,42.6,0
1719,39.4,39.4,0
1720,43.3,41.4,0
1721,33.5,10,0
1722,14.6,5.3,0
1723,5.4,5.3,0
1724,5.2,5.4,0
1725,5.3,5.3,0
1726,5.1,5.2,0
1727,4.8,4.8,0
1728,21.7,22.2,0
1729,14.2,5,0.388889
1730,4.8,4.9,0
1731,4.7,5,0
1732,4.8,4.8,0
1733,4.8,4.9,0
1734,5.9,5,0
1735,9.1,5.4,0
1736,36.0,52.9,0
1737,46.2,52.4,0
1738,45.8,43.9,0
1739,40.8,40.8,0
1740,35.0,40.3,0
1741,38.1,41.5,0
1742,39.0,42.6,0
1743,37.9,39.4,0
1744,37.3,41.4,0
1745,25.7,10,0
1746,9.3,5.3,0
1747,5.3,5.3,0
1748,5.4,5.4,0
1749,5.3,5.3,0
1750,5.1,5.2,0
1751,12.3,4.8,0
1752,19.4,22.2,0
1753,17.8,5,0
1754,4.9,4.9,0
1755,4.8,4.7,0
1756,5.0,4.8,0
1757,9.9,4.8,0
1758,37.9,37.9,0
1759,38.0,56,0
1760,36.9,36.8,0
1761,47.2,41.5,0.111111
1762,54.0,53.1,0.388889
1763,48.3,43.3,0.125
1764,45.1,40.3,0
1765,41.9,38.4,0
1766,43.0,39,0
1767,42.3,38.2,0
1768,41.4,38.7,0
1769,49.3,40.2,0
1770,58.9,43.7,0
1771,59.4,44.3,0.0138889
1772,44.8,36.1,0.0138889
1773,32.5,5.1,0
1774,5.4,5.3,0
1775,5.2,4.9,0
1776,19.5,22.5,0
1777,16.2,4.9,0
1778,4.8,4.8,0
1779,5.0,4.9,0
1780,6.6,4.8,0
1781,10.0,16,0
1782,41.2,41.6,0
1783,42.3,39,0
1784,42.1,40.9,0
1785,49.5,44.7,0
1786,48.6,47.1,0
1787,44.6,43.3,0
1788,38.6,40.3,0
1789,35.8,37.2,0
1790,35.7,39,0
1791,35.1,38.2,0
1792,37.3,38.7,0
1793,42.9,40.2,0
1794,50.6,43.7,0
1795,54.1,44.3,0.0138889
1796,45.0,36.1,0.0138889
1797,28.8,5.1,0
1798,5.1,5.3,0
1799,5.0,4.9,0
1800,19.8,22.5,0
1801,20.0,4.9,0
1802,5.0,4.8,0
1803,5.0,4.9,0
1804,4.8,4.8,0
1805,11.0,16,0
1806,37.6,41.6,0
1807,38.6,39,0
1808,34.9,40.9,0
1809,44.7,44.7,0
1810,51.5,47.1,0
1811,51.0,43.3,0
1812,38.0,38,0
1813,40.6,37.2,0
1814,41.2,39,0
1815,38.7,38.2,0
1816,40.2,38.7,0
1817,45.8,40.2,0
1818,51.6,43.7,0
1819,47.3,44.3,0.0138889
1820,39.5,36.1,0.0138889
1821,30.6,5.1,0
1822,8.1,5.3,0
1823,7.6,4.9,0
1824,24.9,22.5,0
1825,24.7,4.9,0
1826,7.5,4.8,0
1827,7.9,4.9,0
1828,7.5,4.8,0
1829,19.6,19.6,0
1830,39.8,41.6,0
1831,38.3,39,0
1832,35.9,40.9,0
1833,46.8,44.7,0
1834,49.2,47.1,0
1835,49.2,43.3,0
1836,42.1,41.7,0
1837,39.5,37.2,0
1838,39.8,39,0
1839,39.3,38.2,0
1840,40.1,38.7,0
1841,47.8,40.2,0
1842,48.9,43.7,0
1843,44.2,44.3,0.0138889
1844,39.5,36.1,0.0138889
1845,16.4,5.1,0
1846,11.9,5.3,0
1847,25.1,22,0
1848,20.2,22.5,0
1849,9.2,4.9,0
1850,7.8,4.8,0
1851,7.5,4.9,0
1852,7.6,4.8,0
1853,23.3,23.3,0
1854,47.2,41.6,0
1855,41.3,39,0
1856,35.7,35.7,0
1857,48.0,44.7,0
1858,51.2,47.1,0
1859,46.9,43.3,0
1860,38.8,40.3,0
1861,37.7,37.2,0
1862,37.1,39,0
1863,36.0,38.2,0
1864,36.1,38.7,0
1865,39.3,40.2,0
1866,40.9,43.7,0
1867,39.0,39,0
1868,20.8,5.4,0
1869,8.5,5.1,0.0138889
1870,8.4,5.2,0
1871,8.2,4.8,0
1872,12.3,22.5,0
1873,8.2,4.8,0
1874,16.8,4.9,0
1875,22.2,5,0
1876,8.2,4.8,0
1877,7.9,4.9,0
1878,19.4,5,0
1879,45.5,5.4,0
1880,49.7,49.7,0
1881,52.4,52.4,0
1882,54.0,43.9,0
1883,45.5,40.8,0
1884,40.6,40.3,0.0138889
1885,40.7,41.5,0
1886,41.5,42.6,0
1887,40.9,39.4,0
1888,45.7,41.4,0
1889,36.8,10,0
1890,13.9,5.3,0
1891,8.8,5.3,0
1892,8.5,5.4,0
1893,8.5,5.3,0
1894,8.6,5.2,0
1895,9.0,4.8,0
1896,25.5,22.2,0
1897,16.4,5,0.388889
1898,7.8,4.9,0
1899,8.0,5,0
1900,7.8,4.8,0
1901,7.7,4.9,0
1902,9.1,5,0
1903,13.6,5.4,0
1904,36.6,49.7,0
1905,46.5,52.4,0
1906,44.5,43.9,0
1907,41.0,40.8,0
1908,37.2,40.3,0
1909,39.3,41.5,0
1910,39.3,42.6,0
1911,37.8,39.4,0
1912,36.7,41.4,0
1913,26.7,10,0
1914,12.7,5.3,0
1915,8.1,5.3,0
1916,8.6,5.4,0
1917,8.1,5.3,0
1918,8.2,5.2,0
1919,12.1,4.8,0
1920,21.2,22.2,0
1921,12.3,5,0
1922,7.8,4.9,0
1923,8.1,4.7,0
1924,7.8,4.8,0
1925,15.0,4.8,0
1926,40.1,45.1,0.0138889
1927,37.9,56,0
1928,38.5,36.8,0
1929,51.7,41.5,0.0972222
1930,57.5,53.1,0.388889
1931,46.0,43.3,0.125
1932,41.7,40.3,0
1933,42.1,38.4,0
1934,42.1,39,0
1935,39.7,38.2,0
1936,40.2,38.7,0
1937,47.1,40.2,0
1938,53.2,43.7,0
1939,55.6,44.3,0.0138889
1940,43.9,36.1,0.0138889
1941,33.4,5.1,0
1942,8.9,5.3,0
1943,8.8,22,0
1944,8.9,22.5,0
1945,8.5,4.9,0
1946,13.0,4.8,0
1947,26.4,4.9,0
1948,13.9,4.8,0
1949,13.8,19.6,0
1950,42.3,41.6,0
1951,44.1,44.1,0
1952,40.0,40.9,0
1953,50.7,44.7,0
1954,57.4,47.1,0
1955,52.1,43.3,0
1956,45.8,41.7,0
1957,44.7,37.2,0
1958,43.1,39,0
1959,41.6,38.2,0
1960,41.8,38.7,0
1961,45.3,40.2,0
1962,51.6,43.7,0
1963,52.9,44.3,0.0138889
1964,45.4,36.1,0.0138889
1965,29.8,5.1,0
1966,8.3,5.3,0
1967,8.1,22,0
1968,23.5,22.5,0
1969,24.9,4.9,0
1970,7.9,4.8,0
1971,7.8,4.9,0
1972,7.9,4.8,0
1973,13.3,13.3,0
1974,40.3,41.6,0
1975,42.4,39,0
1976,38.8,40.9,0
1977,51.7,44.7,0
1978,54.8,47.1,0
1979,50.6,43.3,0
1980,41.5,41.7,0
1981,40.5,37.2,0
1982,40.5,39,0
1983,39.4,38.2,0
1984,39.2,38.7,0
1985,46.7,40.2,0
1986,52.4,43.7,0
1987,51.2,44.3,0.0138889
1988,42.8,36.1,0.0138889
1989,30.7,5.1,0
1990,8.2,5.3,0
1991,8.0,22,0
1992,25.9,22.5,0
1993,24.3,4.9,0
1994,8.0,4.8,0
1995,7.9,4.9,0
1996,7.9,4.8,0
1997,13.6,13.3,0
1998,41.6,41.6,0
1999,41.6,39,0
2000,39.2,40.9,0
2001,51.2,44.7,0
2002,52.5,47.1,0
2003,48.7,43.3,0
2004,40.8,41.7,0
2005,39.0,37.2,0
2006,39.1,39,0
2007,37.7,38.2,0
2008,38.0,38.7,0
2009,45.7,40.2,0
2010,50.3,50.6,0
2011,46.2,44.3,0.0138889
2012,41.5,36.1,0.0138889
2013,17.4,5.1,0
2014,13.0,5.3,0
2015,25.6,22,0
2016,20.5,22.5,0
2017,10.2,4.9,0
2018,7.6,4.8,0
2019,8.2,4.9,0
2020,8.0,4.8,0
2021,16.6,13.3,0
2022,46.4,41.6,0
2023,47.4,39,0
2024,41.4,40.9,0
2025,53.6,44.7,0
2026,59.6,47.1,0
2027,54.3,43.3,0
2028,45.6,41.7,0
2029,42.6,37.2,0
2030,42.1,39,0
2031,41.7,38.2,0
2032,41.6,38.7,0
2033,46.7,40.2,0
2034,47.5,43.7,0
2035,46.1,39,0
2036,20.9,5.4,0
2037,8.5,5.1,0
2038,8.3,5.2,0
2039,8.1,4.8,0
2040,14.2,22.5,0
2041,25.8,4.8,0
2042,12.5,4.9,0
2043,8.0,5,0
2044,7.7,4.8,0
2045,8.0,4.9,0
2046,13.0,5,0
2047,42.8,5.4,0
2048,54.3,49.7,0
2049,62.3,52.4,0
2050,63.7,43.9,0.0138889
2051,50.1,40.8,0
2052,44.5,40.3,0.0138889
2053,43.3,41.5,0
2054,45.2,42.6,0
2055,44.6,39.4,0
2056,51.3,41.4,0
2057,40.1,10,0
2058,14.2,5.3,0
2059,8.4,5.3,0
2060,8.6,5.4,0
2061,8.5,5.3,0
2062,8.3,5.2,0
2063,8.3,4.8,0
2064,25.6,22.2,0
2065,22.7,5,0.388889
2066,7.9,4.9,0
2067,8.1,5,0
2068,7.9,4.8,0
2069,7.9,4.9,0
2070,9.1,5,0
2071,13.2,5.4,0
2072,45.5,49.7,0
2073,58.3,52.4,0
2074,56.3,43.9,0
2075,47.0,40.8,0
2076,44.6,40.3,0.0138889
2077,45.2,41.5,0
2078,44.7,42.6,0
2079,42.2,39.4,0
2080,41.2,41.4,0
2081,28.5,10,0
2082,12.7,5.3,0
2083,8.6,5.3,0
2084,8.3,5.4,0
2085,8.7,5.3,0
2086,7.8,5.2,0
2087,21.2,4.8,0
2088,20.6,22.2,0
2089,8.0,5,0
2090,8.0,4.9,0
2091,7.9,4.7,0
2092,7.9,4.8,0
2093,13.1,4.8,0
2094,38.9,38.9,0
2095,41.8,56,0
2096,43.7,36.8,0
2097,56.4,41.5,0.0972222
2098,67.0,53.1,0.388889
2099,55.9,43.3,0.138889
2100,49.3,40.3,0
2101,47.4,38.4,0
2102,48.4,39,0
2103,48.9,38.2,0
2104,47.3,38.7,0
2105,57.1,40.2,0
2106,65.7,43.7,0
2107,68.7,44.3,0.0138889
2108,49.4,36.1,0.0138889
2109,36.5,5.1,0
2110,8.3,5.3,0
2111,8.5,22,0
2112,19.4,22.5,0
2113,25.8,4.9,0
2114,9.0,4.8,0
2115,8.2,4.9,0
2116,8.0,4.8,0
2117,15.2,13.3,0
2118,48.3,41.6,0
2119,52.9,39,0
2120,47.3,40.9,0
2121,57.3,44.7,0
2122,57.8,47.1,0
2123,57.8,43.3,0
2124,49.8,41.7,0
2125,47.8,37.2,0
2126,49.4,39,0
2127,47.2,38.2,0
2128,46.6,38.7,0
2129,50.5,40.2,0
2130,57.7,43.7,0
2131,60.0,44.3,0.0138889
2132,54.0,36.1,0.0138889
2133,36.5,5.1,0
2134,8.1,5.3,0
2135,8.0,22,0
2136,18.6,22.5,0
2137,25.8,4.9,0
2138,7.7,4.8,0
2139,7.9,4.9,0
2140,8.0,4.8,0
2141,14.0,13.3,0
2142,38.8,41.6,0
2143,45.5,44.1,0
2144,44.6,40.9,0
2145,54.6,44.7,0
2146,55.0,47.1,0
2147,53.1,43.3,0
2148,42.5,41.7,0
2149,39.9,37.2,0
2150,39.8,39,0
2151,40.9,38.2,0
2152,41.9,38.7,0
2153,47.5,40.2,0
2154,52.2,43.7,0
2155,51.0,44.3,0.0138889
2156,40.8,36.1,0.0138889
2157,28.5,5.1,0
2158,7.6,5.3,0
2159,7.7,22,0
2160,21.7,22.5,0
2161,25.6,4.9,0
2162,12.7,4.8,0
2163,7.8,4.9,0
2164,7.5,4.8,0
2165,19.2,13.3,0
2166,42.7,41.6,0
2167,41.2,39,0
2168,36.6,35.7,0
2169,49.3,44.7,0
2170,49.2,47.1,0
2171,48.7,43.3,0
2172,40.5,41.7,0
2173,38.2,37.2,0
2174,38.0,39,0
2175,39.0,38.2,0
2176,37.8,38.7,0
2177,44.2,40.2,0
2178,44.1,43.7,0
2179,43.3,44.3,0.0138889
2180,39.8,36.1,0.0138889
2181,17.1,5.1,0
2182,12.2,5.3,0
2183,25.4,22,0
2184,20.5,22.5,0
2185,11.5,4.9,0
2186,7.7,4.8,0
2187,7.7,4.9,0
2188,7.8,4.8,0
2189,22.4,13.3,0
2190,42.9,41.6,0
2191,41.3,41.3,0
2192,35.5,35.7,0
2193,46.0,44.7,0
2194,51.7,47.1,0
2195,47.1,43.3,0
2196,40.6,41.7,0
2197,37.6,37.2,0
2198,36.4,39,0
2199,37.9,38.2,0
2200,38.0,38.7,0
2201,41.1,40.2,0
2202,44.3,43.7,0
2203,40.9,39,0
2204,19.8,5.4,0
2205,8.5,5.1,0
2206,8.6,5.2,0
2207,8.2,4.8,0
2208,12.5,22.5,0
2209,25.7,4.8,0
2210,14.3,4.9,0
2211,8.1,5,0
2212,8.1,4.8,0
2213,8.2,4.9,0
2214,13.5,5,0
2215,41.2,40.6,0
2216,52.7,49.7,0
2217,61.4,52.4,0
2218,57.3,43.9,0
2219,46.0,40.8,0
2220,39.5,40.3,0.0138889
2221,40.9,41.5,0
2222,37.6,42.6,0
2223,40.5,39.4,0
2224,43.6,41.4,0
2225,36.5,10,0
2226,13.9,5.3,0
2227,8.5,5.3,0
2228,8.1,5.4,0
2229,8.2,5.3,0
2230,8.1,5.2,0
2231,19.9,4.8,0
2232,24.8,22.2,0
2233,7.9,5,0.388889
2234,7.7,4.9,0
2235,8.0,5,0
2236,7.8,4.8,0
2237,8.8,4.9,0
2238,11.0,5,0
2239,35.2,5.4,0
2240,45.6,49.7,0
2241,47.9,52.4,0
2242,41.9,43.9,0
2243,43.1,40.8,0
2244,41.0,40.3,0
2245,41.5,41.5,0
2246,41.7,42.6,0
2247,39.5,39.4,0
2248,29.8,41.4,0
2249,13.5,10,0
2250,8.3,5.3,0
2251,8.4,5.3,0
2252,8.1,5.4,0
2253,8.2,5.3,0
2254,9.6,5.2,0
2255,25.3,4.8,0
2256,24.9,22.2,0
2257,8.5,5,0
2258,7.8,4.9,0
2259,7.8,4.7,0
2260,13.5,4.8,0
2261,20.3,4.8,0
2262,19.6,5.1,0.0138889
2263,33.1,56,0
2264,48.4,36.8,0.0138889
2265,57.4,41.5,0.0833333
2266,47.9,53.1,0.375
2267,42.8,42.8,0.166667
2268,41.7,41.7,0
2269,43.0,38.4,0
2270,42.5,39,0
2271,41.1,38.2,0
2272,43.3,38.7,0
2273,33.4,40.2,0
2274,27.6,43.7,0
2275,21.7,44.3,0.0138889
2276,15.6,36.1,0.0138889
2277,8.5,5.1,0
2278,7.7,5.3,0
2279,20.8,22,0
2280,21.7,22.5,0
2281,8.3,4.9,0
2282,7.6,4.8,0
2283,8.1,4.9,0
2284,13.5,4.8,0
2285,42.0,13.3,0
2286,43.5,41.6,0
2287,42.3,41.3,0
2288,54.6,40.9,0
2289,56.8,44.7,0
2290,58.2,47.1,0
2291,49.8,43.3,0
2292,47.6,41.7,0
2293,47.0,37.2,0
2294,48.7,39,0
2295,47.6,38.2,0
2296,50.8,38.7,0
2297,57.7,40.2,0
2298,66.0,43.7,0
2299,54.1,54.1,0.0138889
2300,36.0,36.1,0.0138889
2301,8.4,5.1,0
2302,8.0,5.3,0
2303,19.8,22,0
2304,25.6,22.5,0
2305,13.3,4.9,0
2306,8.0,4.8,0
2307,8.4,4.9,0
2308,14.5,4.8,0
2309,41.9,13.3,0
2310,49.3,41.6,0
2311,46.0,41.3,0
2312,59.5,40.9,0
2313,66.2,44.7,0
2314,60.6,47.1,0
2315,52.8,43.3,0
2316,46.9,41.7,0
2317,47.2,37.2,0
2318,47.3,39,0
2319,47.7,38.2,0
2320,53.9,38.7,0
2321,65.6,40.2,0
2322,61.8,43.7,0
2323,47.7,54.1,0.0138889
2324,36.5,36.1,0.0138889
2325,8.3,5.1,0
2326,8.1,5.3,0
2327,22.6,22,0
2328,25.2,22.5,0
2329,12.4,4.9,0
2330,8.1,4.8,0
2331,7.9,4.9,0
2332,14.0,4.8,0
2333,43.8,13.3,0
2334,48.5,41.6,0
2335,45.9,41.3,0
2336,55.1,40.9,0
2337,61.5,44.7,0
2338,56.4,47.1,0
2339,49.1,43.3,0
2340,45.6,41.7,0
2341,41.3,37.2,0
2342,40.4,39,0
2343,39.9,38.2,0
2344,47.9,38.7,0
2345,51.0,40.2,0
2346,49.3,43.7,0
2347,43.1,54.1,0.0138889
2348,17.8,36.1,0.0138889
2349,11.2,5.1,0
2350,25.2,5.3,0
2351,25.3,22,0
2352,12.2,22.5,0
2353,7.9,4.9,0
2354,7.8,4.8,0
2355,8.1,4.9,0
2356,15.1,4.8,0
2357,44.5,13.3,0
2358,46.5,41.6,0
2359,39.1,41.3,0
2360,50.3,40.9,0
2361,55.9,44.7,0
2362,51.6,47.1,0
2363,43.6,43.3,0
2364,41.3,41.7,0
2365,42.3,37.2,0
2366,43.0,39,0
2367,43.2,38.2,0
2368,45.7,38.7,0
2369,45.9,40.2,0
2370,43.0,43.7,0
2371,20.9,39,0
2372,8.5,5.4,0
2373,8.0,5.1,0.0277778
2374,8.2,5.2,0
2375,12.5,4.8,0
2376,25.8,22.5,0
2377,11.7,4.8,0
2378,7.7,4.9,0
2379,8.2,5,0
2380,7.9,4.8,0
2381,13.1,4.9,0
2382,42.0,5,0.0277778
2383,53.8,5.4,0
2384,60.5,49.7,0
2385,59.9,52.4,0
2386,47.3,43.9,0
2387,41.6,40.8,0
2388,40.7,40.3,0
2389,41.5,41.5,0
2390,41.9,42.6,0
2391,49.2,39.4,0
2392,41.4,41.4,0
2393,15.6,10,0
2394,8.4,5.3,0
2395,8.6,5.3,0
2396,8.5,5.4,0
2397,8.1,5.3,0
2398,20.0,5.2,0
2399,25.4,4.8,0
2400,24.3,22.2,0
2401,23.8,5,0.388889
2402,21.8,4.9,0
2403,7.8,5,0
2404,8.0,4.8,0
2405,9.3,4.9,0
2406,12.8,5,0
2407,42.3,5.4,0
2408,52.9,52.9,0
2409,55.7,52.4,0
2410,47.0,43.9,0
2411,42.5,40.8,0
2412,43.3,40.3,0
2413,43.0,41.5,0
2414,43.6,42.6,0
2415,45.6,39.4,0
2416,30.6,41.4,0
2417,12.9,10,0
2418,8.2,5.3,0
2419,8.5,5.3,0
2420,8.3,5.4,0
2421,8.1,5.3,0
2422,11.5,5.2,0
2423,24.7,4.8,0
2424,17.4,22.2,0
2425,7.7,5,0
2426,8.0,4.9,0
2427,7.8,4.7,0
2428,14.1,4.8,0
2429,42.7,42.7,0
2430,45.3,45.3,0.0138889
2431,44.6,56,0
2432,57.6,36.8,0
2433,61.0,41.5,0.0694444
2434,47.8,53.1,0.375
2435,44.6,42.8,0.166667
2436,43.9,40.3,0
2437,42.1,38.4,0
2438,44.1,39,0
2439,42.8,38.2,0
2440,52.3,38.7,0
2441,62.8,40.2,0
2442,63.9,43.7,0
2443,48.3,54.1,0.0138889
2444,35.7,36.1,0.0138889
2445,23.7,5.1,0
2446,24.0,5.3,0
2447,24.2,22,0
2448,25.0,22.5,0
2449,14.4,4.9,0
2450,7.8,4.8,0
2451,8.1,4.9,0
2452,13.7,4.8,0
2453,46.2,13.3,0
2454,46.7,41.6,0
2455,45.2,41.3,0
2456,52.9,40.9,0
2457,55.6,44.7,0
2458,50.7,47.1,0
2459,44.7,43.3,0
2460,43.4,41.7,0
2461,44.9,37.2,0
2462,45.8,39,0
2463,46.6,38.2,0
2464,49.9,38.7,0
2465,56.5,40.2,0
2466,63.1,43.7,0
2467,54.1,54.1,0.0138889
2468,34.7,36.1,0.0138889
2469,8.3,5.1,0
2470,8.1,5.3,0
2471,22.0,22,0
2472,26.5,22.5,0
2473,25.0,4.9,0
2474,24.2,4.8,0
2475,24.3,4.9,0
2476,33.2,4.8,0
2477,45.0,13.3,0
2478,47.9,41.6,0
2479,44.4,41.3,0
2480,56.7,40.9,0
2481,63.1,44.7,0
2482,57.8,47.1,0
2483,47.8,43.3,0
2484,47.8,41.7,0
2485,51.4,37.2,0
2486,49.2,39,0
2487,47.0,38.2,0
2488,56.0,38.7,0
2489,61.6,40.2,0
2490,57.8,43.7,0
2491,48.6,54.1,0.0138889
2492,37.9,36.1,0.0138889
2493,8.1,5.1,0
2494,8.2,5.3,0
2495,20.4,22,0
2496,25.2,22.5,0
2497,11.0,4.9,0
2498,8.3,4.8,0
2499,8.2,4.9,0
2500,15.4,4.8,0
2501,46.1,13.3,0
2502,48.6,41.6,0
2503,50.4,41.3,0
2504,63.9,40.9,0
2505,72.0,44.7,0
2506,68.1,47.1,0
2507,55.2,43.3,0
2508,52.7,41.7,0
2509,53.5,37.2,0
2510,51.6,39,0
2511,51.1,38.2,0
2512,61.3,38.7,0
2513,65.3,40.2,0
2514,58.3,43.7,0
2515,49.0,54.1,0.0138889
2516,17.0,36.1,0.0138889
2517,7.4,5.1,0
2518,23.0,5.3,0
2519,21.6,22,0
2520,21.2,22.5,0
2521,20.5,4.9,0
2522,20.3,4.8,0
2523,20.7,4.9,0
2524,41.5,4.8,0
2525,60.2,13.3,0
2526,58.3,41.6,0
2527,46.3,41.3,0
2528,61.3,40.9,0
2529,69.0,44.7,0
2530,58.1,47.1,0
2531,49.7,43.3,0
2532,44.0,41.7,0
2533,44.0,37.2,0
2534,46.6,39,0
2535,44.5,38.2,0
2536,51.7,38.7,0
2537,50.1,40.2,0
2538,50.2,43.7,0
2539,20.5,39,0
2540,5.4,5.4,0
2541,5.2,5.1,0.0277778
2542,4.9,5.2,0
2543,9.0,4.8,0
2544,23.0,22.5,0
2545,10.5,4.8,0
2546,4.8,4.9,0
2547,4.8,5,0
2548,4.8,4.8,0
2549,13.3,4.9,0
2550,38.8,5,0
2551,48.9,5.4,0
2552,57.4,52.9,0
2553,56.6,52.4,0
2554,46.2,43.9,0
2555,40.5,40.8,0
2556,40.6,40.3,0
2557,38.9,41.5,0
2558,42.8,42.6,0
2559,46.8,39.4,0
2560,34.6,41.4,0
2561,11.6,10,0
2562,5.3,5.3,0
2563,5.3,5.3,0
2564,5.2,5.4,0
2565,5.0,5.3,0
2566,4.8,5.2,0
2567,13.5,4.8,0
2568,17.0,22.2,0
2569,4.8,5,0.388889
2570,4.8,4.9,0
2571,5.0,5,0
2572,4.8,4.8,0
2573,5.9,4.9,0
2574,9.7,5,0
2575,42.3,42.3,0
2576,51.4,52.9,0
2577,48.6,52.4,0
2578,44.5,43.9,0
2579,41.6,40.8,0
2580,41.0,40.3,0
2581,43.7,41.5,0
2582,43.0,43,0
2583,42.8,39.4,0
2584,28.4,41.4,0
2585,10.0,10,0
2586,5.3,5.3,0
2587,5.3,5.3,0
2588,5.4,5.4,0
2589,5.0,5.3,0
2590,5.0,5.2,0
2591,4.8,4.8,0
2592,9.3,22.2,0
2593,4.8,4.8,0
2594,16.1,4.9,0
2595,17.6,4.7,0
2596,12.1,4.8,0
2597,36.6,36.6,0
2598,38.1,38.1,0.0138889
2599,42.0,56,0
2600,57.9,36.8,0
2601,60.5,41.5,0.0694444
2602,47.1,53.1,0.388889
2603,45.2,42.8,0.138889
2604,43.0,41.7,0
2605,41.7,38.4,0
2606,43.2,39,0
2607,46.5,38.2,0
2608,52.1,38.7,0
2609,56.8,40.2,0
2610,57.5,43.7,0
2611,47.7,54.1,0.0138889
2612,29.6,36.1,0.0138889
2613,5.2,5.1,0
2614,4.9,5.3,0
2615,16.8,22,0
2616,22.5,22.5,0
2617,6.5,4.9,0
2618,5.0,4.8,0
2619,4.8,4.9,0
2620,14.9,4.8,0
2621,44.6,13.3,0
2622,44.8,41.6,0
2623,40.9,41.3,0
2624,47.3,40.9,0
2625,48.1,44.7,0
2626,47.1,47.1,0
2627,40.0,43.3,0
2628,38.6,41.7,0
2629,37.2,37.2,0
2630,38.3,39,0
2631,40.4,38.2,0
2632,45.1,38.7,0
2633,51.0,40.2,0
2634,51.0,43.7,0
2635,44.7,54.1,0.0138889
2636,32.8,36.1,0.0138889
2637,5.1,5.1,0
2638,4.9,5.3,0
2639,17.3,22,0
2640,22.8,22.5,0
2641,8.5,4.9,0
2642,5.0,4.8,0
2643,4.9,4.9,0
2644,11.4,4.8,0
2645,39.3,13.3,0
2646,38.6,41.6,0
2647,42.4,41.3,0
2648,56.3,40.9,0
2649,56.3,44.7,0
2650,54.3,47.1,0
2651,44.2,43.3,0
2652,44.5,41.7,0
2653,43.1,37.2,0
2654,42.0,39,0
2655,43.9,38.2,0
2656,49.2,38.7,0
2657,55.7,40.2,0
2658,50.5,43.7,0
2659,40.3,54.1,0.0138889
2660,31.7,36.1,0.0138889
2661,5.2,5.1,0
2662,4.8,5.3,0
2663,18.1,22,0
2664,22.4,22.5,0
2665,6.9,4.9,0
2666,4.9,4.8,0
2667,4.9,4.9,0
2668,10.2,4.8,0
2669,39.1,13.3,0
2670,40.3,41.6,0
2671,44.2,41.3,0
2672,57.4,40.9,0
2673,58.6,44.7,0
2674,54.2,47.1,0
2675,46.7,43.3,0
2676,44.7,41.7,0
2677,44.1,37.2,0
2678,45.3,39,0
2679,43.9,38.2,0
2680,49.2,38.7,0
2681,54.8,40.2,0
2682,47.7,43.7,0
2683,43.8,54.1,0.0138889
2684,15.7,36.1,0.0138889
2685,5.1,5.1,0
2686,15.1,5.3,0
2687,22.5,22,0
2688,14.9,22.5,0
2689,4.9,4.9,0
2690,4.8,4.8,0
2691,4.9,4.9,0
2692,14.3,4.8,0
2693,46.3,13.3,0
2694,47.8,41.6,0
2695,44.3,41.3,0
2696,60.0,40.9,0
2697,67.1,44.7,0
2698,58.2,47.1,0
2699,48.2,43.3,0
2700,45.2,41.7,0
2701,46.6,37.2,0
2702,47.1,39,0
2703,45.8,38.2,0
2704,48.6,38.7,0
2705,49.0,40.2,0
2706,44.4,43.7,0
2707,18.5,39,0
2708,5.5,5.4,0
2709,5.1,5.1,0.0277778
2710,4.9,5.2,0
2711,6.8,4.8,0
2712,22.8,22.5,0
2713,12.6,4.8,0
2714,4.9,4.9,0
2715,5.0,5,0
2716,4.8,4.8,0
2717,12.7,4.9,0
2718,44.1,5,0
2719,68.8,42.3,0
2720,77.2,52.9,0
2721,81.8,52.4,0
2722,58.0,43.9,0
2723,53.7,40.8,0
2724,48.1,40.3,0
2725,47.0,41.5,0
2726,46.7,43,0
2727,52.5,39.4,0
2728,42.2,41.4,0
2729,12.5,10,0
2730,5.4,5.3,0
2731,5.4,5.3,0
2732,5.4,5.4,0
2733,5.1,5.3,0
2734,14.0,5.2,0
2735,21.9,4.8,0
2736,17.1,22.2,0
2737,5.0,5,0.388889
2738,4.9,4.9,0
2739,5.1,5,0
2740,4.8,4.8,0
2741,6.1,4.9,0
2742,9.9,5,0
2743,39.4,42.3,0
2744,49.7,49.7,0
2745,50.6,52.4,0
2746,42.8,43.9,0
2747,39.1,40.8,0
2748,39.1,40.3,0
2749,40.6,41.5,0
2750,40.5,43,0
2751,42.4,39.4,0
2752,25.5,41.4,0
2753,9.8,10,0
2754,5.2,5.3,0
2755,5.3,5.3,0
2756,5.2,5.4,0
2757,5.1,5.1,0
2758,4.7,5.2,0
2759,14.7,4.8,0
2760,18.6,22.2,0
2761,4.7,4.8,0
2762,4.9,4.9,0
2763,4.8,4.8,0
2764,13.6,4.8,0
2765,38.5,38.5,0
2766,41.4,41.4,0.0138889
2767,40.5,56,0
2768,53.0,36.8,0
2769,59.3,41.5,0.0694444
2770,47.3,53.1,0.375
2771,43.9,42.8,0.166667
2772,41.7,41.7,0
2773,42.9,37.2,0
2774,44.3,39,0
2775,44.9,38.2,0
2776,51.8,38.7,0
2777,56.9,40.2,0
2778,57.6,43.7,0
2779,44.0,54.1,0.0138889
2780,31.0,36.1,0.0138889
2781,5.0,5.1,0
2782,4.9,5.3,0
2783,20.5,22,0
2784,22.1,22.5,0
2785,4.9,4.9,0
2786,4.7,4.8,0
2787,4.9,4.9,0
2788,11.9,4.8,0
2789,42.8,13.3,0
2790,44.9,41.6,0
2791,45.8,41.3,0
2792,57.4,40.9,0
2793,58.2,44.7,0
2794,53.8,47.1,0
2795,47.8,43.3,0
2796,47.3,41.7,0
2797,46.1,37.2,0
2798,46.5,39,0
2799,47.7,38.2,0
2800,48.7,38.7,0
2801,54.8,40.2,0
2802,60.7,43.7,0
2803,50.8,54.1,0.0138889
2804,35.3,36.1,0.0138889
2805,5.3,5.1,0
2806,4.9,5.3,0
2807,16.1,22,0
2808,22.6,22.5,0
2809,10.5,4.9,0
2810,5.0,4.8,0
2811,5.0,4.9,0
2812,12.0,4.8,0
2813,39.9,13.3,0
2814,49.0,41.6,0
2815,47.2,41.3,0
2816,65.5,40.9,0
2817,67.0,44.7,0
2818,58.6,47.1,0
2819,46.9,43.3,0
2820,46.4,41.7,0
2821,46.7,37.2,0
2822,43.1,39,0
2823,44.8,38.2,0
2824,50.3,38.7,0
2825,55.5,40.2,0
2826,53.0,43.7,0
2827,44.5,54.1,0.0138889
2828,31.5,36.1,0.0138889
2829,5.2,5.1,0
2830,4.7,5.3,0
2831,21.2,22,0
2832,22.1,22.5,0
2833,6.2,4.9,0
2834,4.9,4.8,0
2835,4.8,4.9,0
2836,12.5,4.8,0
2837,42.4,13.3,0
2838,48.4,41.6,0
2839,42.0,41.3,0
2840,52.5,35.7,0
2841,56.2,44.7,0
2842,54.7,47.1,0
2843,45.5,43.3,0
2844,43.5,41.7,0
2845,44.9,37.2,0
2846,43.9,39,0
2847,45.1,38.2,0
2848,49.9,38.7,0
2849,52.9,40.2,0
2850,47.2,43.7,0
2851,43.9,54.1,0.0138889
2852,16.2,36.1,0.0138889
2853,5.1,5.1,0
2854,20.0,5.3,0
2855,22.2,22,0
2856,14.0,22.5,0
2857,4.8,4.9,0
2858,4.8,4.8,0
2859,4.8,4.9,0
2860,14.0,4.8,0
2861,46.6,13.3,0
2862,47.5,41.6,0
2863,38.7,41.3,0
2864,54.1,40.9,0
2865,59.6,44.7,0
2866,55.2,47.1,0
2867,45.2,43.3,0
2868,41.6,41.7,0
2869,42.4,37.2,0
2870,44.7,39,0
2871,44.5,38.2,0
2872,48.8,38.7,0
2873,49.2,40.2,0
2874,44.8,43.7,0
2875,20.6,39,0
2876,5.4,5.4,0
2877,5.2,5.1,0.0277778
2878,4.7,5.2,0
2879,7.6,4.8,0
2880,22.8,22.8,0
2881,10.5,4.8,0
2882,4.9,4.9,0
2883,4.9,5,0
2884,4.9,4.8,0
2885,12.6,4.9,0
2886,49.8,5,0
2887,67.3,42.3,0
2888,74.0,49.7,0
2889,76.8,52.4,0
2890,54.5,43.9,0
2891,50.2,40.8,0
2892,48.6,40.3,0
2893,48.8,41.5,0
2894,48.1,43,0
2895,56.1,39.4,0
2896,41.8,41.4,0
2897,13.0,10,0
2898,5.6,5.3,0
2899,5.4,5.3,0
2900,5.5,5.4,0
2901,5.3,5.3,0
2902,4.9,5.2,0
2903,19.5,4.8,0
2904,22.1,22.2,0
2905,5.1,5,0.388889
2906,4.9,4.9,0
2907,5.0,5,0
2908,5.0,4.8,0
2909,6.2,4.9,0
2910,9.5,5,0
2911,51.0,42.3,0
2912,65.1,49.7,0
2913,60.2,52.4,0
2914,50.3,43.9,0
2915,47.7,40.8,0
2916,50.9,40.3,0
2917,49.0,41.5,0
2918,52.0,43,0
2919,51.4,39.4,0
2920,30.2,41.4,0
2921,10.1,10,0
2922,5.3,5.3,0
2923,5.5,5.3,0
2924,5.4,5.4,0
2925,5.1,5.1,0
2926,5.1,5.2,0
2927,14.1,4.8,0
2928,22.0,22.2,0
2929,5.5,4.8,0
2930,5.1,4.9,0
2931,5.0,4.8,0
2932,18.5,4.8,0
2933,46.6,46.6,0
2934,47.4,45.3,0.0138889
2935,46.4,56,0
2936,59.9,36.8,0
2937,65.1,41.5,0.0555556
2938,50.4,53.1,0.375
2939,44.0,42.8,0.152778
2940,42.8,41.7,0
2941,44.1,37.2,0
2942,43.2,39,0
2943,43.7,38.2,0
2944,53.1,38.7,0
2945,59.0,40.2,0
2946,63.2,43.7,0
2947,49.7,54.1,0.0138889
2948,33.7,36.1,0.0138889
2949,5.1,5.1,0
2950,4.9,5.3,0
2951,15.3,22,0
2952,22.6,22.5,0
2953,6.8,4.9,0
2954,4.8,4.8,0
2955,4.9,4.9,0
2956,13.1,4.8,0
2957,40.6,13.3,0
2958,41.9,41.6,0
2959,40.5,41.3,0
2960,48.1,40.9,0
2961,48.9,44.7,0
2962,48.5,47.1,0
2963,41.7,43.3,0
2964,39.3,41.7,0
2965,40.9,37.2,0
2966,40.0,40,0
2967,39.6,38.2,0
2968,43.3,38.7,0
2969,48.2,40.2,0
2970,52.0,43.7,0
2971,46.5,54.1,0.0138889
2972,31.9,36.1,0.0138889
2973,5.2,5.1,0
2974,4.7,5.3,0
2975,17.3,22,0
2976,22.0,22.5,0
2977,5.6,4.9,0
2978,5.0,4.8,0
2979,4.8,4.9,0
2980,12.2,4.8,0
2981,37.4,13.3,0
2982,41.1,41.6,0
2983,42.4,41.3,0
2984,58.1,40.9,0
2985,60.4,44.7,0
2986,55.8,47.1,0
2987,47.2,43.3,0
2988,43.4,41.7,0
2989,43.5,37.2,0
2990,42.6,40,0
2991,44.7,38.2,0
2992,49.7,38.7,0
2993,53.9,40.2,0
2994,50.7,43.7,0
2995,43.8,54.1,0.0138889
2996,30.9,36.1,0.0138889
2997,5.1,5.1,0
2998,9.8,5.3,0
2999,22.7,22,0
3000,13.1,22.5,0
3001,4.9,4.9,0
3002,4.8,4.8,0
3003,4.9,4.9,0
3004,10.3,4.8,0
3005,41.5,13.3,0
3006,41.2,41.6,0
3007,40.7,41.3,0
3008,48.7,40.9,0
3009,51.2,44.7,0
3010,46.5,47.1,0
3011,43.1,43.3,0
3012,35.9,41.7,0
3013,41.3,37.2,0
3014,38.1,40,0
3015,43.7,38.2,0
3016,47.5,38.7,0
3017,50.2,40.2,0
3018,46.6,43.7,0
3019,37.7,54.1,0.0138889
3020,13.9,36.1,0.0138889
3021,7.4,5.1,0
3022,22.4,5.3,0
3023,22.6,22,0
3024,9.4,22.5,0
3025,4.8,4.9,0
3026,4.8,4.8,0
3027,4.8,4.9,0
3028,11.9,4.8,0
3029,44.4,13.3,0
3030,42.0,41.6,0
3031,35.8,41.3,0
3032,49.5,40.9,0
3033,54.3,44.7,0
3034,50.1,47.1,0
3035,42.7,43.3,0
3036,39.5,41.7,0
3037,36.3,37.2,0
3038,38.1,38.1,0
3039,40.5,38.2,0
3040,44.7,38.7,0
3041,44.1,40.2,0
3042,37.1,43.7,0
3043,19.5,39,0
3044,5.4,5.4,0
3045,5.1,5.1,0.0277778
3046,4.7,5.2,0
3047,5.5,4.8,0
3048,22.8,22.8,0
3049,15.6,4.8,0
3050,4.9,4.9,0
3051,4.9,5,0
3052,4.8,4.8,0
3053,11.4,4.9,0
3054,35.6,5,0
3055,50.8,42.3,0
3056,57.1,49.7,0
3057,60.6,52.4,0
3058,44.2,43.9,0
3059,37.1,40.8,0
3060,36.9,40.3,0
3061,35.6,41.5,0
3062,42.6,42.6,0
3063,46.5,39.4,0
3064,36.3,41.4,0
3065,11.6,10,0
3066,5.2,5.3,0
3067,5.3,5.3,0
3068,5.2,5.4,0
3069,5.1,5.1,0
3070,4.8,5.2,0
3071,11.9,4.8,0
3072,22.5,22.2,0
3073,12.1,5,0.388889
3074,4.8,4.9,0
3075,4.8,5,0
3076,4.7,4.8,0
3077,6.0,4.9,0
3078,9.5,5,0
3079,40.6,40.6,0
3080,52.9,52.9,0
3081,52.3,52.4,0
3082,42.2,43.9,0
3083,39.2,40.8,0
3084,39.3,40.3,0
3085,40.0,41.5,0
3086,43.1,42.6,0
3087,43.5,39.4,0
3088,28.3,41.4,0
3089,10.0,10,0
3090,5.3,5.3,0
3091,5.3,5.3,0
3092,5.2,5.4,0
3093,5.0,5.1,0
3094,4.9,5.2,0
3095,17.5,4.8,0
3096,21.8,22.2,0
3097,4.9,4.8,0
3098,4.9,4.9,0
3099,4.8,4.8,0
3100,9.2,4.8,0
3101,42.8,46.6,0
3102,45.1,45.1,0.0138889
3103,47.3,56,0
3104,68.9,36.8,0
3105,75.5,41.5,0.0555556
3106,55.0,53.1,0.375
3107,51.0,42.8,0.180556
3108,47.9,41.7,0
3109,48.1,37.2,0
3110,45.8,38.1,0
3111,46.5,38.2,0
3112,57.9,38.7,0
3113,67.9,40.2,0
3114,70.3,43.7,0
3115,54.0,54.1,0.0138889
3116,34.3,36.1,0.0138889
3117,5.1,5.1,0
3118,4.8,5.3,0
3119,17.6,22,0
3120,23.2,22.5,0
3121,12.0,4.9,0
3122,4.9,4.8,0
3123,4.9,4.9,0
3124,12.6,4.8,0
3125,48.6,13.3,0
3126,52.3,41.6,0
3127,49.4,41.3,0
3128,58.4,40.9,0
3129,64.2,44.7,0
3130,58.2,47.1,0
3131,50.4,43.3,0
3132,48.0,41.7,0
3133,46.4,37.2,0
3134,45.0,40,0
3135,46.4,38.2,0
3136,51.7,38.7,0
3137,59.4,40.2,0
3138,66.6,43.7,0
3139,57.4,54.1,0.0138889
3140,35.6,36.1,0.0138889
3141,5.2,5.1,0
3142,6.4,5.3,0
3143,22.4,22,0
3144,21.8,22.5,0
3145,4.9,4.9,0
3146,5.0,4.8,0
3147,5.0,4.9,0
3148,17.4,4.8,0
3149,47.8,13.3,0
3150,50.9,41.6,0
3151,46.5,41.3,0
3152,66.9,35.7,0
3153,70.9,44.7,0
3154,69.2,47.1,0
3155,53.9,43.3,0
3156,51.1,41.7,0
3157,50.7,37.2,0
3158,51.4,38.1,0
3159,51.0,38.2,0
3160,56.4,38.7,0
3161,64.4,40.2,0
3162,59.0,43.7,0
3163,48.6,48.6,0.0138889
3164,35.6,36.1,0.0138889
3165,5.1,5.1,0
3166,7.8,5.3,0
3167,22.1,22,0
3168,22.1,22.5,0
3169,5.1,4.9,0
3170,4.9,4.8,0
3171,5.1,4.9,0
3172,19.2,4.8,0
3173,52.3,13.3,0
3174,51.9,41.6,0
3175,48.7,41.3,0
3176,66.0,35.7,0
3177,69.8,44.7,0
3178,61.3,47.1,0
3179,53.5,43.3,0
3180,50.0,41.7,0
3181,50.5,37.2,0
3182,49.9,40,0
3183,49.8,38.2,0
3184,62.0,38.7,0
3185,68.4,40.2,0
3186,62.9,43.7,0
3187,52.0,54.1,0.0138889
3188,19.0,36.1,0.0138889
3189,5.1,5.1,0
3190,14.9,5.3,0
3191,22.7,22,0
3192,22.2,22.5,0
3193,7.1,4.9,0
3194,5.1,4.8,0
3195,4.9,4.9,0
3196,21.8,4.8,0
3197,58.8,58.8,0
3198,60.9,41.6,0
3199,51.8,41.3,0
3200,75.9,35.7,0
3201,84.7,44.7,0
3202,69.2,47.1,0
3203,58.0,43.3,0
3204,52.6,41.7,0
3205,52.7,37.2,0
3206,52.1,38.1,0
3207,52.2,38.2,0
3208,55.3,38.7,0
3209,56.1,40.2,0
3210,54.1,43.7,0
3211,20.9,20.9,0
3212,5.5,5.4,0
3213,5.1,5.1,0.0277778
3214,4.9,5.2,0
3215,6.7,4.8,0
3216,22.9,22.8,0
3217,13.3,4.8,0
3218,4.9,4.9,0
3219,5.0,5,0
3220,4.9,4.8,0
3221,21.9,4.9,0
3222,58.9,5,0
3223,78.5,42.3,0
3224,90.9,49.7,0.0138889
3225,89.8,52.4,0
3226,66.5,44.5,0.0138889
3227,58.6,40.8,0
3228,55.6,40.3,0
3229,56.3,41.5,0
3230,54.3,42.6,0
3231,64.3,39.4,0.0138889
3232,46.3,41.4,0
3233,12.1,10,0
3234,5.4,5.3,0
3235,5.5,5.3,0
3236,5.4,5.4,0
3237,5.2,5.1,0
3238,9.7,5.2,0
3239,21.6,4.8,0
3240,15.5,22.2,0
3241,4.9,5,0.388889
3242,4.9,4.9,0
3243,5.0,5,0
3244,5.1,4.8,0
3245,5.4,4.9,0
3246,8.9,5,0
3247,62.8,42.3,0
3248,81.8,49.7,0
3249,80.4,52.4,0
3250,63.9,43.9,0
3251,58.8,40.8,0
3252,58.8,40.3,0
3253,57.2,41.5,0
3254,54.9,42.6,0
3255,56.9,39.4,0
3256,31.6,41.4,0
3257,10.2,10,0
3258,5.4,5.3,0
3259,5.4,5.3,0
3260,5.4,5.4,0
3261,5.3,5.1,0
3262,4.9,5.2,0
3263,7.9,4.8,0
3264,22.9,22.2,0
3265,6.0,4.8,0
3266,5.1,4.9,0
3267,5.1,4.8,0
3268,24.7,4.8,0
3269,61.2,61.2,0
3270,61.7,45.1,0.0138889
3271,57.1,56,0
3272,74.4,36.8,0
3273,77.2,41.5,0.0416667
3274,59.2,53.1,0.375
3275,54.3,42.8,0.180556
3276,50.9,41.7,0
3277,49.1,37.2,0
3278,46.7,38.1,0
3279,49.9,38.2,0
3280,61.6,38.7,0
3281,72.3,40.2,0
3282,73.3,43.7,0
3283,54.2,54.1,0.0138889
3284,37.9,36.1,0.0138889
3285,5.1,5.1,0
3286,4.9,5.3,0
3287,17.0,22,0
3288,22.8,22.5,0
3289,6.1,4.9,0
3290,5.0,4.8,0
3291,5.0,4.9,0
3292,20.1,4.8,0
3293,54.4,13.3,0
3294,51.9,41.6,0
3295,48.5,41.3,0
3296,60.8,40.9,0
3297,61.7,44.7,0
3298,60.2,47.1,0
3299,54.1,43.3,0
3300,51.2,41.7,0
3301,50.0,37.2,0
3302,50.5,38.1,0
3303,50.0,38.2,0
3304,51.9,38.7,0
3305,60.6,40.2,0
3306,60.9,43.7,0
3307,51.8,54.1,0.0138889
3308,34.1,36.1,0.0138889
3309,5.2,5.1,0
3310,4.9,5.3,0
3311,16.8,22,0
3312,22.2,22.2,0
3313,6.8,4.9,0
3314,5.0,4.8,0
3315,4.9,4.9,0
3316,17.9,4.8,0
3317,46.0,13.3,0
3318,47.7,41.6,0
3319,44.2,41.3,0
3320,54.9,40.9,0
3321,59.6,44.7,0
3322,57.7,47.1,0
3323,47.9,43.3,0
3324,46.1,41.7,0
3325,46.8,37.2,0
3326,45.3,38.1,0
3327,46.3,38.2,0
3328,53.8,38.7,0
3329,60.2,40.2,0
3330,55.4,43.7,0
3331,46.6,48.6,0.0138889
3332,34.5,36.1,0.0138889
3333,5.1,5.1,0
3334,13.4,5.3,0
3335,22.8,22,0
3336,9.3,22.2,0
3337,4.8,4.9,0
3338,4.8,4.8,0
3339,4.9,4.9,0
3340,15.7,4.8,0
3341,47.0,13.3,0
3342,50.7,41.6,0
3343,46.5,41.3,0
3344,65.4,35.7,0
3345,67.0,44.7,0
3346,59.9,47.1,0
3347,50.9,43.3,0
3348,47.9,41.7,0
3349,47.0,37.2,0
3350,46.7,38.1,0
3351,48.8,38.2,0
3352,55.1,38.7,0
3353,59.7,40.2,0
3354,56.5,43.7,0
3355,47.4,48.6,0.0138889
3356,16.7,36.1,0.0138889
3357,5.1,5.1,0
3358,14.9,5.3,0
3359,22.7,22.7,0
3360,15.2,22.2,0
3361,4.9,4.9,0
3362,4.8,4.8,0
3363,5.0,4.9,0
3364,19.4,4.8,0
3365,49.6,13.3,0
3366,48.6,41.6,0
3367,43.4,41.3,0
3368,55.0,40.9,0
3369,61.9,44.7,0
3370,56.0,47.1,0
3371,47.5,43.3,0
3372,41.2,41.7,0
3373,39.9,37.2,0
3374,40.3,40,0
3375,42.8,38.2,0
3376,47.5,38.7,0
3377,46.6,40.2,0
3378,42.6,43.7,0
3379,22.0,20.9,0
3380,5.2,5.4,0
3381,5.1,5.1,0.0277778
3382,5.0,5.2,0
3383,4.8,4.8,0
3384,22.4,22.8,0
3385,13.2,4.8,0
3386,4.9,4.9,0
3387,4.9,5,0
3388,4.8,4.8,0.0138889
3389,12.3,4.9,0
3390,45.4,5,0.0138889
3391,62.1,42.3,0.0138889
3392,68.1,52.9,0.0138889
3393,67.7,52.4,0
3394,51.0,43.9,0
3395,45.8,40.8,0
3396,44.3,40.3,0
3397,45.8,41.5,0
3398,44.9,42.6,0
3399,53.5,39.4,0
3400,39.8,41.4,0
3401,12.4,10,0
3402,6.2,5.3,0
3403,6.1,5.3,0
3404,6.2,5.4,0
3405,6.0,5.1,0
3406,5.6,5.2,0
3407,12.3,4.8,0
3408,22.0,22.2,0
3409,5.8,5,0.388889
3410,5.7,4.9,0
3411,5.8,5,0
3412,5.7,4.8,0
3413,6.9,4.9,0
3414,10.6,5,0
3415,54.4,42.3,0
3416,64.9,52.9,0
3417,57.7,52.4,0
3418,50.5,43.9,0
3419,46.4,40.8,0
3420,45.6,40.3,0
3421,46.8,41.5,0
3422,48.2,42.6,0
3423,48.7,39.4,0.0138889
3424,29.5,41.4,0
3425,10.8,10,0
3426,6.2,5.3,0
3427,6.1,5.3,0
3428,6.1,5.4,0
3429,6.0,5.1,0
3430,13.3,5.2,0
3431,22.3,4.8,0
3432,9.6,22.2,0
3433,4.8,4.8,0
3434,5.0,4.9,0
3435,4.8,4.8,0
3436,18.9,4.8,0
3437,43.1,43.1,0
3438,49.8,45.1,0.0138889
3439,48.8,48.8,0
3440,65.0,36.8,0
3441,73.2,41.5,0.0555556
3442,56.1,53.1,0.375
3443,52.6,42.8,0.180556
3444,47.9,41.7,0
3445,48.7,37.2,0
3446,50.0,38.1,0
3447,49.8,38.2,0
3448,58.8,38.7,0
3449,66.2,40.2,0
3450,71.0,43.7,0
3451,51.3,54.1,0.0138889
3452,39.1,36.1,0.0138889
3453,20.3,5.1,0
3454,20.3,5.3,0
3455,20.7,22.7,0
3456,22.5,22.5,0
3457,5.8,4.9,0
3458,4.8,4.8,0
3459,4.9,4.9,0
3460,17.1,4.8,0
3461,53.4,13.3,0
3462,55.3,41.6,0
3463,49.8,41.3,0
3464,63.1,40.9,0
3465,64.4,44.7,0
3466,59.7,47.1,0
3467,50.2,43.3,0
3468,48.3,41.7,0
3469,48.3,37.2,0
3470,48.2,40,0
3471,50.7,38.2,0
3472,55.2,38.7,0
3473,60.9,40.2,0
3474,65.8,43.7,0
3475,53.9,54.1,0.0138889
3476,35.5,36.1,0.0138889
3477,5.1,5.1,0
3478,4.9,4.9,0
3479,18.2,22.7,0
3480,22.6,22.5,0
3481,6.8,4.9,0
3482,5.0,4.8,0
3483,4.9,4.9,0
3484,18.9,4.8,0
3485,47.4,13.3,0
3486,52.0,41.6,0
3487,52.9,41.3,0
3488,70.4,35.7,0
3489,70.6,44.7,0
3490,64.8,47.1,0
3491,53.3,43.3,0
3492,49.6,41.7,0
3493,50.5,37.2,0
3494,49.9,38.1,0
3495,51.6,38.2,0
3496,60.0,38.7,0
3497,67.5,40.2,0
3498,60.5,43.7,0
3499,51.2,54.1,0.0138889
3500,39.1,39.1,0.0138889
3501,21.4,5.1,0
3502,21.5,5.3,0
3503,22.7,22.7,0
3504,21.7,22.5,0
3505,5.0,4.9,0
3506,4.8,4.8,0
3507,4.9,4.9,0
3508,18.0,4.8,0
3509,51.4,13.3,0
3510,54.9,41.6,0
3511,49.5,41.3,0
3512,68.0,35.7,0
3513,70.9,44.7,0
3514,64.7,47.1,0
3515,52.7,43.3,0
3516,50.2,41.7,0
3517,51.1,37.2,0
3518,51.8,38.1,0
3519,51.8,38.2,0
3520,62.7,38.7,0
3521,62.5,40.2,0
3522,60.3,43.7,0
3523,48.7,48.6,0.0138889
3524,16.6,39.1,0.0138889
3525,5.1,5.1,0
3526,14.0,5.3,0
3527,22.5,22.7,0
3528,15.1,22.5,0
3529,4.8,4.9,0
3530,5.1,4.8,0
3531,4.9,4.9,0
3532,19.7,4.8,0
3533,60.3,58.8,0
3534,61.6,41.6,0
3535,52.1,41.3,0
3536,68.7,35.7,0
3537,76.4,44.7,0
3538,64.7,47.1,0
3539,54.0,43.3,0
3540,51.6,41.7,0
3541,50.5,37.2,0
3542,51.0,38.1,0
3543,50.7,38.2,0
3544,55.8,38.7,0
3545,55.0,40.2,0
3546,50.6,50.6,0
3547,21.6,20.9,0
3548,5.3,5.4,0
3549,5.1,5.1,0.0277778
3550,4.9,5.2,0
3551,8.0,4.8,0
3552,22.5,22.8,0
3553,12.9,4.8,0
3554,5.0,4.9,0
3555,5.0,5,0
3556,5.0,4.8,0.0138889
3557,21.5,4.9,0
3558,55.6,5,0.0138889
3559,75.0,42.3,0
3560,84.6,49.7,0
3561,79.1,52.4,0
3562,60.1,43.9,0
3563,52.7,40.8,0
3564,51.0,40.3,0
3565,51.3,41.5,0
3566,49.7,42.6,0.0138889
3567,61.5,39.4,0
3568,44.9,41.4,0
3569,12.1,10,0
3570,5.5,5.3,0
3571,5.3,5.3,0
3572,5.5,5.4,0
3573,5.1,5.1,0
3574,10.0,5.2,0
3575,21.7,4.8,0
3576,9.4,22.2,0
3577,5.0,5,0.388889
3578,5.0,4.9,0
3579,4.9,5,0
3580,4.8,4.8,0
3581,5.4,4.9,0
3582,8.7,5,0
3583,52.5,40.6,0
3584,65.7,52.9,0
3585,58.2,52.4,0
3586,51.8,43.9,0
3587,46.7,40.8,0
3588,47.3,40.3,0
3589,51.0,41.5,0
3590,51.1,42.6,0
3591,53.1,39.4,0
3592,30.6,41.4,0
3593,10.0,10,0
3594,5.4,5.3,0
3595,5.3,5.3,0
3596,5.4,5.4,0
3597,5.1,5.1,0
3598,4.9,5.2,0
3599,4.9,4.8,0
3600,9.3,22.2,0
3601,5.0,5,0
3602,20.5,4.9,0
3603,13.2,4.8,0
3604,19.8,4.8,0
3605,44.3,44.3,0
3606,46.9,45.1,0.0138889
3607,46.6,46.6,0
3608,59.0,36.8,0
3609,64.7,41.5,0.0555556
3610,53.3,53.1,0.375
3611,49.1,42.8,0.180556
3612,50.0,41.7,0
3613,46.1,37.2,0
3614,46.7,46.7,0
3615,47.7,38.2,0
3616,53.6,38.7,0
3617,60.0,40.2,0
3618,67.6,50.6,0
3619,47.2,48.6,0.0138889
3620,33.1,39.1,0.0138889
3621,5.1,5.1,0
3622,4.8,4.9,0
3623,12.7,22.7,0
3624,22.5,22.5,0
3625,5.2,4.9,0
3626,4.9,4.8,0
3627,4.8,4.9,0
3628,16.0,4.8,0
3629,50.0,13.3,0
3630,49.5,41.6,0
3631,47.0,41.3,0
3632,57.6,40.9,0
3633,58.2,44.7,0
3634,53.6,47.1,0
3635,46.8,43.3,0
3636,45.2,41.7,0
3637,45.3,37.2,0
3638,45.9,40,0
3639,45.7,38.2,0
3640,53.6,38.7,0
3641,63.0,40.2,0
3642,67.3,50.6,0
3643,57.2,54.1,0.0138889
3644,37.3,39.1,0.0138889
3645,5.1,5.1,0
3646,4.9,4.9,0
3647,18.1,22.7,0
3648,22.5,22.5,0
3649,7.9,4.9,0
3650,4.9,4.8,0
3651,4.9,4.9,0
3652,18.6,4.8,0
3653,44.5,44.5,0
3654,50.3,41.6,0
3655,47.4,41.3,0
3656,60.6,35.7,0
3657,55.9,44.7,0
3658,53.7,47.1,0
3659,42.8,43.3,0
3660,43.3,41.7,0
3661,44.0,37.2,0
3662,43.8,40,0
3663,42.4,38.2,0
3664,52.0,38.7,0
3665,58.2,40.2,0
3666,55.7,50.6,0
3667,44.3,48.6,0.0138889
3668,25.7,39.1,0.0138889
3669,6.1,5.1,0
3670,9.9,4.9,0
3671,19.0,22.7,0
3672,22.3,22.5,0
3673,10.8,4.9,0
3674,4.8,4.8,0
3675,4.8,4.9,0
3676,15.6,4.8,0
3677,46.5,44.5,0
3678,49.3,41.6,0
3679,46.4,41.3,0
3680,60.2,40.9,0
3681,65.0,44.7,0
3682,58.6,47.1,0
3683,51.6,43.3,0
3684,47.9,47.9,0
3685,48.5,37.2,0
3686,47.8,40,0
3687,47.9,38.2,0
3688,58.2,38.7,0
3689,60.0,40.2,0
3690,53.2,50.6,0
3691,42.3,54.1,0.0138889
3692,10.1,39.1,0.0138889
3693,5.2,5.1,0
3694,21.8,4.9,0
3695,22.6,22.7,0
3696,5.8,22.5,0
3697,4.8,4.9,0
3698,4.8,4.8,0
3699,4.9,4.9,0
3700,19.3,4.8,0
3701,53.9,44.5,0
3702,59.4,41.6,0
3703,48.0,41.3,0
3704,66.8,35.7,0
3705,76.6,44.7,0
3706,64.3,47.1,0
3707,50.7,43.3,0
3708,47.3,47.9,0
3709,47.4,37.2,0
3710,47.5,38.1,0
3711,47.6,38.2,0
3712,52.1,38.7,0
3713,51.8,40.2,0
3714,46.3,50.6,0
3715,24.1,20.9,0
3716,5.5,5.4,0
3717,5.2,5.1,0.0277778
3718,4.9,4.9,0
3719,4.9,4.8,0
3720,9.2,22.8,0
3721,4.9,4.8,0
3722,14.0,4.9,0
3723,21.7,5,0
3724,4.9,4.8,0
3725,21.3,4.9,0
3726,47.9,5,0
3727,63.1,42.3,0
3728,72.5,52.9,0
3729,69.4,52.4,0
3730,52.6,43.9,0
3731,49.0,40.8,0
3732,48.7,40.3,0
3733,48.4,41.5,0
3734,47.6,42.6,0
3735,52.3,39.4,0
3736,37.8,41.4,0
3737,11.5,10,0
3738,5.4,5.3,0
3739,5.4,5.3,0
3740,5.3,5.4,0
3741,5.2,5.1,0
3742,9.0,5.2,0
3743,21.3,4.8,0
3744,13.9,22.2,0
3745,5.0,5,0.388889
3746,4.9,4.9,0
3747,5.0,5,0
3748,4.8,4.8,0
3749,5.6,4.9,0
3750,8.9,5,0
3751,37.8,40.6,0
3752,57.0,52.9,0
3753,66.9,52.4,0
3754,55.0,43.9,0
3755,49.4,40.8,0
3756,49.7,40.3,0
3757,51.1,41.5,0
3758,50.3,42.6,0
3759,46.2,39.4,0
3760,21.7,41.4,0
3761,10.1,10,0
3762,5.3,5.3,0
3763,5.5,5.3,0
3764,5.3,5.4,0
3765,5.3,5.1,0
3766,4.9,5.2,0
3767,4.9,4.8,0
3768,9.4,22.2,0
3769,8.8,5,0
3770,20.8,4.9,0
3771,16.8,4.8,0
3772,24.7,4.8,0
3773,52.8,52.8,0
3774,54.8,45.1,0.0138889
3775,56.0,56,0
3776,77.7,77.7,0
3777,81.2,41.5,0.0555556
3778,61.4,53.1,0.375
3779,56.4,42.8,0.180556
3780,52.5,41.7,0
3781,54.0,37.2,0
3782,52.8,46.7,0
3783,55.7,38.2,0
3784,64.7,38.7,0
3785,73.7,40.2,0
3786,76.2,50.6,0
3787,55.9,54.1,0.0138889
3788,28.2,39.1,0.0138889
3789,20.2,5.1,0
3790,20.0,4.9,0
3791,20.9,22.7,0
3792,22.6,22.5,0
3793,5.2,4.9,0
3794,5.0,4.8,0
3795,4.8,4.9,0
3796,24.5,4.8,0
3797,61.7,44.5,0
3798,62.6,41.6,0
3799,54.3,41.3,0
3800,73.9,35.7,0
3801,74.1,44.7,0
3802,69.7,47.1,0
3803,57.5,43.3,0
3804,53.9,47.9,0
3805,51.3,37.2,0
3806,54.0,38.1,0
3807,52.2,38.2,0
3808,59.5,38.7,0
3809,66.9,40.2,0
3810,70.3,50.6,0
3811,59.8,54.1,0.0138889
3812,28.8,39.1,0.0138889
3813,10.4,5.1,0
3814,5.0,4.9,0
3815,20.3,22.7,0
3816,22.0,22.5,0
3817,5.1,4.9,0
3818,5.0,4.8,0
3819,5.0,4.9,0
3820,23.7,4.8,0
3821,57.6,44.5,0
3822,62.9,41.6,0
3823,56.4,41.3,0
3824,77.9,35.7,0
3825,77.7,44.7,0
3826,72.7,47.1,0
3827,57.2,43.3,0
3828,55.5,47.9,0
3829,52.1,37.2,0
3830,52.0,38.1,0
3831,53.6,38.2,0
3832,64.2,38.7,0
3833,71.2,40.2,0
3834,65.9,50.6,0
3835,52.3,54.1,0.0138889
3836,24.3,39.1,0.0138889
3837,5.2,5.1,0
3838,7.0,4.9,0
3839,21.8,22.7,0
3840,22.1,22.5,0
3841,5.1,4.9,0
3842,5.0,4.8,0
3843,5.0,4.9,0
3844,26.6,4.8,0
3845,58.8,58.8,0
3846,57.0,41.6,0
3847,51.2,41.3,0
3848,67.9,35.7,0
3849,74.0,44.7,0
3850,67.9,47.1,0
3851,57.3,43.3,0
3852,56.0,47.9,0
3853,57.1,37.2,0
3854,58.3,40,0
3855,59.4,38.2,0
3856,68.5,38.7,0
3857,67.5,40.2,0
3858,63.7,50.6,0
3859,48.1,48.6,0.0138889
3860,11.8,39.1,0.0138889
3861,5.9,5.1,0
3862,12.0,4.9,0
3863,22.8,22.7,0
3864,10.3,22.5,0
3865,5.1,4.9,0
3866,4.9,4.8,0
3867,5.0,4.9,0
3868,29.8,4.8,0
3869,70.9,58.8,0
3870,69.5,41.6,0
3871,53.6,41.3,0
3872,68.6,35.7,0
3873,81.9,44.7,0
3874,68.0,47.1,0
3875,58.0,43.3,0
3876,57.5,47.9,0
3877,55.3,37.2,0
3878,53.4,38.1,0
3879,52.6,38.2,0
3880,58.3,38.7,0
3881,59.6,40.2,0
3882,47.3,50.6,0
3883,16.5,20.9,0
3884,5.5,5.5,0
3885,5.1,5.1,0.0277778
3886,5.0,4.9,0
3887,4.8,4.8,0
3888,9.0,22.8,0
3889,5.0,5,0
3890,13.4,4.9,0
3891,18.5,5,0
3892,5.0,4.8,0
3893,23.5,4.9,0
3894,55.9,5,0
3895,68.4,42.3,0.0138889
3896,75.6,52.9,0
3897,73.4,52.4,0
3898,56.8,43.9,0
3899,48.2,40.8,0
3900,48.2,40.3,0
3901,49.3,41.5,0
3902,47.7,42.6,0
3903,54.3,39.4,0
3904,36.7,41.4,0
3905,16.5,10,0
3906,5.3,5.3,0
3907,5.3,5.3,0
3908,5.2,5.4,0
3909,5.3,5.1,0
3910,4.9,5.2,0
3911,16.1,4.8,0
3912,21.7,22.2,0
3913,5.7,5,0.388889
3914,4.9,4.9,0
3915,4.9,5,0
3916,4.8,4.8,0
3917,6.2,4.9,0
3918,26.0,5,0
3919,61.4,42.3,0
3920,71.1,52.9,0
3921,68.9,52.4,0
3922,58.9,43.9,0
3923,53.9,40.8,0
3924,58.2,40.3,0
3925,51.4,41.5,0
3926,51.3,42.6,0
3927,46.4,39.4,0
3928,22.1,41.4,0
3929,10.2,10,0
3930,5.6,5.3,0
3931,5.4,5.3,0
3932,5.4,5.4,0
3933,5.2,5.1,0
3934,8.7,5.2,0
3935,20.9,4.8,0
3936,15.4,22.2,0
3937,5.1,5,0
3938,5.1,4.9,0
3939,4.9,4.8,0
3940,27.3,4.8,0
3941,50.4,52.8,0
3942,58.3,45.1,0.0277778
3943,56.0,56,0
3944,74.3,74.3,0
3945,76.0,76,0.0416667
3946,60.5,53.1,0.347222
3947,54.2,42.8,0.305556
3948,51.8,41.7,0
3949,50.9,37.2,0
3950,51.4,46.7,0
3951,53.2,38.2,0
3952,65.4,38.7,0
3953,72.7,40.2,0
3954,70.6,50.6,0
3955,53.0,54.1,0.0138889
3956,25.4,39.1,0.0138889
3957,5.2,5.1,0
3958,5.0,4.9,0
3959,17.2,22.7,0
3960,20.9,22.5,0
3961,4.9,4.9,0
3962,5.1,4.8,0
3963,4.9,4.9,0
3964,25.4,4.8,0
3965,58.7,58.8,0
3966,63.5,41.6,0
3967,54.7,41.3,0
3968,69.5,35.7,0
3969,72.1,44.7,0
3970,68.2,47.1,0
3971,55.2,43.3,0
3972,52.0,47.9,0
3973,51.6,37.2,0
3974,53.9,38.1,0
3975,55.1,38.2,0
3976,58.7,38.7,0
3977,65.9,40.2,0
3978,73.6,50.6,0
3979,60.8,54.1,0.0138889
3980,25.6,39.1,0.0138889
3981,5.2,5.1,0
3982,4.9,4.9,0
3983,16.1,22.7,0
3984,22.3,22.5,0
3985,6.4,4.9,0
3986,4.9,4.8,0
3987,5.0,4.9,0
3988,24.7,4.8,0
3989,56.0,58.8,0
3990,58.9,41.6,0
3991,55.0,41.3,0
3992,77.0,35.7,0
3993,78.6,44.7,0
3994,69.3,47.1,0
3995,57.2,43.3,0
3996,53.9,47.9,0
3997,54.3,37.2,0
3998,54.3,38.1,0
3999,54.6,38.2,0
4000,65.5,38.7,0
4001,76.2,40.2,0
4002,66.5,50.6,0
4003,56.3,54.1,0.0138889
4004,26.0,39.1,0.0138889
4005,5.5,5.1,0
4006,6.2,4.9,0
4007,21.8,22.7,0
4008,16.7,22.5,0
4009,5.1,4.9,0
4010,5.1,4.8,0
4011,4.9,4.9,0
4012,28.4,4.8,0
4013,61.4,58.8,0
4014,59.5,41.6,0
4015,51.5,41.3,0
4016,75.1,35.7,0
4017,75.2,44.7,0
4018,65.9,47.1,0
4019,56.1,43.3,0
4020,51.3,47.9,0
4021,48.3,37.2,0
4022,48.8,40,0
4023,49.4,38.2,0
4024,56.4,38.7,0
4025,58.6,40.2,0
4026,56.8,50.6,0
4027,42.9,54.1,0.0138889
4028,10.1,39.1,0.0138889
4029,12.4,5.1,0
4030,21.7,4.9,0
4031,21.6,22.7,0
4032,9.4,22.5,0
4033,4.9,4.9,0
4034,4.8,4.8,0
4035,4.9,4.9,0
4036,23.6,4.8,0
4037,55.9,58.8,0
4038,53.8,41.6,0
4039,46.6,41.3,0
4040,57.8,35.7,0
4041,66.3,44.7,0
4042,59.1,47.1,0
4043,50.8,43.3,0
4044,47.0,47.9,0
4045,43.6,37.2,0
4046,46.6,38.1,0
4047,48.5,38.2,0
4048,52.9,38.7,0
4049,51.7,40.2,0
4050,43.2,43.7,0
4051,16.1,20.9,0
4052,5.3,5.5,0
4053,5.1,5.1,0.0277778
4054,4.8,4.9,0
4055,5.2,4.8,0
4056,22.5,22.5,0
4057,8.8,5,0
4058,4.9,4.9,0
4059,4.9,5,0
4060,4.9,4.8,0
4061,20.5,4.9,0
4062,48.7,5,0
4063,57.8,40.6,0
4064,63.4,52.9,0
4065,65.6,52.4,0
4066,50.7,43.9,0
4067,46.9,40.8,0
4068,44.6,40.3,0
4069,44.8,41.5,0
4070,47.5,42.6,0
4071,47.4,39.4,0
4072,32.4,41.4,0
4073,14.0,10,0
4074,5.3,5.3,0
4075,5.4,5.3,0
4076,5.4,5.4,0
4077,5.1,5.1,0
4078,11.0,5.2,0
4079,21.0,4.8,0
4080,14.3,22.2,0
4081,5.0,5,0.388889
4082,4.8,4.9,0
4083,5.0,5,0
4084,4.9,4.8,0
4085,6.0,4.9,0
4086,8.7,5,0
4087,47.3,40.6,0
4088,56.9,52.9,0
4089,55.2,52.4,0
4090,49.2,43.9,0
4091,45.9,40.8,0
4092,48.7,40.3,0
4093,47.8,41.5,0
4094,46.5,42.6,0
4095,44.0,39.4,0
4096,21.8,41.4,0
4097,10.0,10,0
4098,5.3,5.3,0
4099,5.5,5.3,0
4100,5.4,5.4,0
4101,5.1,5.1,0
4102,5.0,5.2,0
4103,19.7,4.8,0
4104,17.6,22.2,0
4105,4.8,5,0
4106,5.1,4.9,0
4107,4.7,4.8,0
4108,17.6,4.8,0
4109,39.8,52.8,0
4110,45.4,45.1,0.0277778
4111,44.9,56,0
4112,57.0,57,0
4113,57.3,57.3,0.0416667
4114,48.3,48.3,0.347222
4115,42.8,42.8,0.291667
4116,42.7,41.7,0
4117,43.6,37.2,0
4118,44.8,46.7,0
4119,45.5,38.2,0
4120,53.8,38.7,0
4121,58.8,40.2,0
4122,59.2,50.6,0
4123,45.1,48.6,0.0138889
4124,25.7,39.1,0.0138889
4125,20.0,5.1,0
4126,20.0,4.9,0
4127,21.5,22.7,0
4128,11.8,22.5,0
4129,4.9,4.9,0
4130,4.8,4.8,0
4131,4.8,4.9,0
4132,7.5,4.8,0
4133,47.2,44.5,0
4134,50.8,41.6,0
4135,44.6,41.3,0
4136,55.1,35.7,0
4137,58.4,44.7,0
4138,58.4,47.1,0
4139,48.0,43.3,0
4140,50.5,47.9,0
4141,48.1,37.2,0
4142,50.6,38.1,0
4143,49.6,38.2,0
4144,53.1,38.7,0
4145,57.0,40.2,0
4146,58.1,50.6,0
4147,49.8,48.6,0.0138889
4148,24.2,39.1,0.0138889
4149,5.1,5.1,0
4150,4.9,4.9,0
4151,12.8,22.7,0
4152,20.8,22.5,0
4153,5.0,4.9,0
4154,4.9,4.8,0
4155,4.8,4.9,0
4156,7.5,4.8,0
4157,52.1,44.5,0
4158,54.9,41.6,0
4159,49.4,41.3,0
4160,67.0,35.7,0
4161,68.7,44.7,0
4162,56.7,47.1,0
4163,52.4,43.3,0
4164,50.6,47.9,0
4165,53.1,37.2,0
4166,52.2,38.1,0
4167,50.7,38.2,0
4168,59.9,38.7,0
4169,65.2,40.2,0
4170,58.4,50.6,0
4171,48.1,48.6,0.0138889
4172,27.1,39.1,0.0138889
4173,12.2,5.1,0
4174,9.0,4.9,0
4175,21.5,22.7,0
4176,12.5,22.5,0
4177,5.0,4.9,0
4178,5.0,4.8,0
4179,4.9,4.9,0
4180,9.2,4.8,0
4181,55.9,55.9,0
4182,52.2,41.6,0
4183,46.6,41.3,0
4184,58.9,35.7,0
4185,60.6,44.7,0
4186,62.4,47.1,0
4187,55.8,43.3,0
4188,50.5,47.9,0
4189,49.4,37.2,0
4190,53.6,38.1,0
4191,53.3,38.2,0
4192,58.5,38.7,0
4193,58.3,40.2,0
4194,54.2,50.6,0
4195,43.5,48.6,0.0138889
4196,10.7,39.1,0.0138889
4197,7.8,5.1,0
4198,21.0,4.9,0
4199,21.5,22.7,0
4200,8.7,22.5,0
4201,4.9,4.9,0
4202,4.9,4.8,0
4203,4.7,4.9,0
4204,10.3,4.8,0
4205,57.1,55.9,0
4206,49.7,41.6,0
4207,44.1,44.1,0
4208,54.0,35.7,0
4209,57.6,44.7,0
4210,53.9,47.1,0
4211,49.6,43.3,0
4212,46.7,47.9,0
4213,47.1,37.2,0
4214,46.3,40,0
4215,44.1,38.2,0
4216,46.5,38.7,0
4217,32.1,40.2,0
4218,16.3,43.7,0
4219,10.0,20.9,0
4220,5.4,5.4,0.0138889
4221,5.1,5.1,0.0277778
4222,4.9,4.9,0
4223,10.1,4.8,0
4224,17.4,22.5,0
4225,11.2,5,0
4226,5.1,4.9,0
4227,5.1,5,0
4228,4.9,4.8,0
4229,7.8,4.9,0
4230,32.6,5,0
4231,34.5,42.3,0
4232,36.8,49.7,0
4233,34.3,52.4,0
4234,30.3,43.9,0
4235,28.0,40.8,0
4236,27.3,40.3,0
4237,27.9,41.5,0
4238,29.0,42.6,0
4239,22.2,39.4,0
4240,17.5,41.4,0
4241,5.7,10,0
4242,5.4,5.3,0
4243,5.4,5.3,0
4244,5.6,5.4,0
4245,5.2,5.1,0
4246,5.0,5.2,0
4247,5.1,4.8,0
4248,4.9,22.2,0
4249,5.2,5,0.388889
4250,5.0,4.9,0
4251,5.0,5,0
4252,5.0,4.8,0
4253,5.6,4.9,0
4254,7.9,5,0
4255,24.1,42.3,0
4256,38.9,49.7,0
4257,31.9,52.4,0
4258,27.2,43.9,0
4259,26.0,40.8,0
4260,27.3,40.3,0
4261,28.8,41.5,0
4262,32.3,42.6,0
4263,20.1,39.4,0
4264,6.0,41.4,0
4265,5.5,10,0
4266,5.5,5.3,0
4267,5.5,5.3,0
4268,5.5,5.4,0
4269,5.2,5.1,0
4270,4.9,5.2,0
4271,5.0,4.8,0
4272,9.1,22.2,0
4273,5.0,5,0
4274,4.9,4.9,0
4275,5.1,4.8,0
4276,7.7,4.8,0
4277,31.8,13.1,0
4278,21.7,45.1,0.0277778
4279,21.2,56,0
4280,64.2,64.2,0
4281,69.9,69.9,0.0277778
4282,53.5,48.3,0.333333
4283,47.1,42.8,0.333333
4284,45.3,41.7,0
4285,44.8,37.2,0
4286,43.7,46.7,0
4287,44.3,38.2,0
4288,42.5,38.7,0
4289,31.4,40.2,0
4290,24.8,43.7,0
4291,19.0,48.6,0.0138889
4292,6.0,39.1,0.0138889
4293,5.0,5.1,0
4294,4.9,4.9,0
4295,20.6,22.7,0
4296,20.8,22.5,0
4297,4.9,4.9,0
4298,4.8,4.8,0
4299,4.9,4.9,0
4300,7.2,4.8,0
4301,24.1,13.3,0
4302,19.0,41.6,0
4303,19.4,41.3,0
4304,53.5,35.7,0
4305,57.2,44.7,0
4306,54.5,47.1,0
4307,44.4,42.8,0
4308,42.4,41.7,0
4309,43.1,37.2,0
4310,45.4,40,0
4311,42.4,38.2,0
4312,41.1,38.7,0
4313,30.4,40.2,0
4314,26.8,43.7,0
4315,23.2,48.6,0.0138889
4316,6.0,39.1,0.0138889
4317,5.1,5.1,0
4318,11.2,4.9,0
4319,21.2,22.7,0
4320,10.2,22.5,0
4321,5.0,4.9,0
4322,4.9,4.8,0
4323,4.8,4.9,0
4324,7.5,4.8,0
4325,46.3,55.9,0
4326,44.4,41.6,0
4327,45.6,44.1,0
4328,66.4,35.7,0
4329,67.3,44.7,0
4330,59.1,47.1,0
4331,51.8,43.3,0
4332,48.7,47.9,0
4333,46.7,37.2,0
4334,49.6,40,0
4335,47.2,38.2,0
4336,54.9,38.7,0
4337,61.8,40.2,0
4338,54.2,50.6,0
4339,42.8,54.1,0.0138889
4340,25.1,39.1,0.0138889
4341,7.2,5.1,0
4342,15.9,4.9,0
4343,21.6,22.7,0
4344,11.7,22.5,0
4345,5.0,4.9,0
4346,5.0,4.8,0
4347,4.9,4.9,0
4348,7.6,4.8,0
4349,49.7,55.9,0
4350,50.5,41.6,0
4351,49.9,41.3,0
4352,72.6,35.7,0
4353,70.9,70.9,0
4354,70.1,47.1,0
4355,58.4,43.3,0
4356,51.4,47.9,0
4357,50.8,37.2,0
4358,52.4,38.1,0
4359,53.7,38.2,0
4360,58.9,38.7,0
4361,60.7,40.2,0
4362,55.2,50.6,0
4363,36.4,54.1,0.0138889
4364,14.1,39.1,0.0138889
4365,15.0,5.1,0
4366,21.4,4.9,0
4367,22.0,22.7,0
4368,5.1,22.5,0
4369,4.9,4.9,0
4370,5.0,4.8,0
4371,4.9,4.9,0
4372,8.3,4.8,0
4373,60.8,55.9,0
4374,55.7,41.6,0
4375,54.3,44.1,0
4376,73.3,35.7,0
4377,83.1,44.7,0
4378,75.7,47.1,0
4379,61.2,43.3,0
4380,53.4,47.9,0
4381,53.6,37.2,0
4382,51.3,38.1,0
4383,51.3,38.2,0
4384,54.0,38.7,0
4385,41.6,40.2,0
4386,21.1,43.7,0
4387,10.5,20.9,0
4388,5.3,5.4,0.0138889
4389,5.1,5.1,0.0277778
4390,5.0,4.9,0
